depth_ecl,t_ecl
92.29499072125277,60864.42469093743
119.28699902882222,60864.423505737344
112.38059242774106,60864.42250799893
125.29572616121719,60864.424599098376
108.94808349723223,60864.423007703524
106.63472641864018,60864.424674596565
129.28781075326765,60864.4244979534
120.03419720965958,60864.422755171116
107.01809186871458,60864.42572043175
100.98876823877079,60864.4231612329
141.54301309645126,60864.42256731674
142.77661047345842,60864.42680295634
96.82451579166705,60864.42262907844
68.97926464862064,60864.42251283149
108.84127210087361,60864.424552983735
112.74537266661576,60864.4248076163
116.05498687935255,60864.42536571014
90.15955926999025,60864.425150321396
104.88613175461049,60864.42377473348
103.35771152641841,60864.42340773636
86.76933831052631,60864.42212062362
132.20694271256437,60864.423468731606
85.67541294896675,60864.42497740327
126.3961344571611,60864.42321161316
73.20447843050655,60864.42241195565
130.35114920573335,60864.42590711226
151.48534599118287,60864.423233747504
142.62660400864553,60864.424838486455
110.02803359996527,60864.42450600996
122.52944683000382,60864.42485339263
120.24775230863122,60864.42528239775
117.32099863706429,60864.42286161474
91.73875342587047,60864.42419038464
50.91144822691084,60864.42496408482
101.40047059045698,60864.4232714323
127.127350070994,60864.42427692867
124.38051208701383,60864.42537869594
130.63001439865508,60864.42569554657
114.05344468435051,60864.42353106686
155.12486389719885,60864.42017265168
132.8082019599354,60864.42279585018
171.3194692181424,60864.425974356396
151.77485676951528,60864.4346140241
127.3134232197628,60864.42388426738
148.45661085426784,60864.423851042775
129.58925581122267,60864.425627219396
87.03877507165315,60864.42781065808
100.62460807087021,60864.42486613798
96.62556950777281,60864.42553224746
128.30475074114034,60864.426424692436
133.9909148272282,60864.42576561453
84.59729321389165,60864.423505939834
135.62817941518688,60864.42394695566
146.2440199289523,60864.420695396264
111.25997963411167,60864.42427344236
117.78450395082712,60864.42323082685
159.31947213391632,60864.4230800516
96.18766692101332,60864.42548263168
163.36678384048437,60864.42571613719
106.90978726765604,60864.42346153042
99.11864476122801,60864.423386700335
112.54058935684478,60864.42228659517
102.82135345564522,60864.42335115327
139.85654208735377,60864.42375730562
107.09917563546107,60864.42448517673
136.7281001913974,60864.42293227776
86.66107510356858,60864.42440295787
81.21311343777379,60864.42319164497
126.49864838704087,60864.42206807354
124.95910511629742,60864.42334494893
93.0774755301139,60864.42567744319
122.56555454438612,60864.42131255244
100.66434530809835,60864.4243095895
92.43071103238086,60864.421298319474
139.9762266978702,60864.423769936846
127.18604468571888,60864.426591406016
79.18169466464602,60864.42122549257
93.13574116719532,60864.42533976629
105.50798150593027,60864.42541754716
90.36281703959105,60864.4234294198
124.73209265815741,60864.42502553568
121.48762426645706,60864.422531200835
130.78091074359742,60864.42521651645
116.22264848045924,60864.426841616856
117.43536388646321,60864.425576544505
149.64343215024684,60864.42223446115
109.06493923845628,60864.422233864636
122.91584283775993,60864.42297820106
124.50304607129455,60864.42345838763
105.11197137546284,60864.42348884668
101.7348704406993,60864.42377264011
108.63428282560825,60864.423036828994
123.83384405268984,60864.42148275888
100.20906827590916,60864.424821924185
140.48017224882494,60864.42067843106
67.931858214919,60864.422736592336
111.40016572961564,60864.42533957183
98.14956630849849,60864.423849461375
106.6582246769079,60864.423692222255
122.00323840986955,60864.423592513565
107.78381996882513,60864.42257293357
101.06353172622525,60864.42227378663
138.37228247422837,60864.422886918415
120.97723450292739,60864.424287970585
103.83928925668484,60864.4235965263
104.20747552292259,60864.42554336824
106.41273553046317,60864.42145158321
121.3890344941798,60864.423994903584
104.87764157007449,60864.42535233029
126.62123308128362,60864.42326756602
123.57343849687282,60864.42312367065
104.40694912126867,60864.42444719576
85.38666090964676,60864.424116253445
133.39699217547937,60864.42286828879
117.14492001855805,60864.425788300534
137.07369008498063,60864.436927444534
107.82537206588177,60864.42447855871
108.14256057157273,60864.42342815692
126.36381707772446,60864.42414261844
148.8379981311447,60864.42268099077
89.9359648574698,60864.425388015065
117.38740087277903,60864.42168849171
137.77526085025576,60864.42444410039
130.53447637034338,60864.42406470319
108.63829373551258,60864.423611875005
131.44008444688978,60864.423939681765
114.43661574533381,60864.423805578124
114.56013714879943,60864.421551925756
81.75280296880338,60864.42450296636
142.8767397974107,60864.42615920006
82.8572078189765,60864.42340431372
87.98900619286995,60864.4230075384
104.25473398210067,60864.42266314321
116.2203240553473,60864.43571164271
156.89120205997028,60864.42558440987
106.94424007560428,60864.42498588998
102.8823558138313,60864.42624223277
139.72983815796945,60864.424872602925
113.48980350091641,60864.42338615515
108.88720681281872,60864.42385454545
163.87027367702322,60864.42389124883
81.06755373177653,60864.42411946005
140.55198073972767,60864.42437996856
120.01145112227888,60864.42750412912
80.66817380108328,60864.42650387759
113.32476275501767,60864.423168844434
91.63974788078129,60864.42285836243
125.74242635129423,60864.42307891122
115.66932909947273,60864.42357927804
144.1978667295823,60864.421687837355
123.54619123690024,60864.42228827137
140.25266824687094,60864.4239682172
163.58798512632373,60864.424679323274
60.37369294831444,60864.421527380066
139.4910177610293,60864.42380147865
115.37367473931776,60864.42367414499
135.70086396933638,60864.42368568324
63.15818486691584,60864.425608525766
122.3702632522663,60864.42484164069
111.05703251870102,60864.42477074389
144.00963084656274,60864.42128902732
117.57886986380106,60864.423164286665
125.79881429822929,60864.42550977291
128.3124859983834,60864.42264639032
110.56863872737443,60864.43532908473
117.46688018290011,60864.42388641994
143.37788834576273,60864.42076982789
122.13947217657673,60864.4244791671
104.75731230577848,60864.42456850706
98.14764546498013,60864.42630935104
162.60448347869567,60864.42391169475
159.83367000784725,60864.42329639965
111.38376232864407,60864.42354155844
124.29256243389646,60864.42228974725
132.62691744935535,60864.42482218826
123.56203650427922,60864.42066223496
112.18169737988367,60864.424291967196
139.54404313601756,60864.42194865852
152.53819166716588,60864.42360929265
100.20470745413803,60864.42673404727
105.20574953275732,60864.42623074992
93.23062269794457,60864.423232090965
117.97598759704063,60864.42511005269
111.52799530277906,60864.42360171929
129.4050456154807,60864.425731097275
120.04698186885176,60864.42329989194
140.08676659053575,60864.42512133092
95.91123296451913,60864.42636216274
119.7323816145825,60864.425886279
93.10072675189271,60864.42364314518
119.63528855562788,60864.42290797087
141.73955021731777,60864.42242625382
128.19935227668591,60864.42767247615
138.90389327672082,60864.42559504741
97.90660715865386,60864.4209604855
98.11027132720169,60864.424229444536
134.44257787309743,60864.425417857245
115.9823803601014,60864.427696187515
110.06945996740743,60864.42516752651
126.82484135400867,60864.42336138382
142.40697641496988,60864.42608881837
75.27992908898509,60864.436367936556
129.82542011201937,60864.4231480042
79.49448330944296,60864.422957107025
110.49321923995873,60864.423824257836
108.0424183735733,60864.4246995764
136.44368614595788,60864.42474475724
102.05206380054489,60864.42367992998
112.87867127632889,60864.423387150295
117.58046866990902,60864.42482935395
117.67981152056217,60864.42143888029
130.9849136454144,60864.427120193664
74.8503806760634,60864.423420546795
111.96452583238474,60864.422847471666
110.57982759862158,60864.421336872634
145.00431774972668,60864.42424693686
71.11353378044373,60864.423151984345
142.69101313028386,60864.42112263422
122.71210058435506,60864.42501599947
149.23588230002443,60864.42446728296
116.03476927408188,60864.42292237992
129.1388369453818,60864.422166497556
121.93962630284912,60864.42413899991
138.79318397179568,60864.42479408612
118.99149569016674,60864.425330919235
117.53477727579227,60864.42315191532
135.96183127300404,60864.42460703235
122.00747074271952,60864.421995636025
159.25035915570126,60864.42432917724
146.7209562758402,60864.42101452054
124.7611307514408,60864.425609434
140.21640942293405,60864.424318816375
138.34861525276415,60864.42728600735
146.44132375676145,60864.42405696839
118.26380390065992,60864.42727068314
154.18255938898426,60864.422460754504
122.85086379712676,60864.42222075318
85.95692513825922,60864.42228975958
117.0554892213636,60864.42569852195
117.41459024371692,60864.422581850304
77.04157404809119,60864.42280662189
103.35781848927908,60864.42383307107
116.46323643027735,60864.42297537079
147.4034618230576,60864.42449751843
145.64996907712015,60864.42213721685
105.43144998695203,60864.42173707062
136.23031595374914,60864.4231472047
137.03646927681382,60864.42479683406
94.96569518096278,60864.42528915401
129.46802502875954,60864.423392806835
119.47569704661292,60864.423409169474
155.4909329321829,60864.427929827754
132.25909521988157,60864.43546091314
167.7522335570414,60864.422300323655
129.1073373688799,60864.42317446959
104.95518599666956,60864.43656241703
97.05583598754386,60864.426497999935
89.35462217992121,60864.424144281445
109.95631862528973,60864.42299514775
103.95055025020565,60864.42539385057
109.11576299078911,60864.423241533186
129.6871098335582,60864.44867202553
107.72735247202452,60864.42317530477
150.48107712951554,60864.42391600187
111.32136889346725,60864.42458161631
119.6617904834689,60864.42371612548
69.16860045058631,60864.42370234771
88.74731465747024,60864.42250611991
116.08858142834416,60864.42623396172
113.04282711229142,60864.43565189893
124.7958484625874,60864.422897439
94.18171013768276,60864.422093998415
115.67107963008216,60864.425400280736
94.2463382026796,60864.42530992486
115.05938725485639,60864.42495369599
166.14869503887093,60864.42529047431
135.54149839856402,60864.424642875136
144.99408700391223,60864.427046639554
109.99828837588002,60864.42309218746
89.21088662337031,60864.42321884205
67.232946613727,60864.4257083647
126.83721430873841,60864.436776965435
88.85807921512657,60864.435453071084
134.843832765676,60864.42199088957
145.16470705418786,60864.42728710649
102.29004918976422,60864.42329797068
134.502162379102,60864.42624547413
148.15625059991535,60864.424551426324
157.54930473800832,60864.42625451038
108.9301240821368,60864.421684704466
114.1460722264241,60864.42543284576
94.24934982860796,60864.4223521165
61.33533118689874,60864.422191516875
93.18919575979268,60864.42315678271
133.59575526754745,60864.42324718351
149.99840227435553,60864.42456340892
100.59337270622909,60864.42720301563
98.25791851107208,60864.422045018604
122.78615538470793,60864.421390773015
118.54151002930179,60864.42161539161
155.99096373987126,60864.4249788965
138.1890769686015,60864.42569502373
119.58277537263798,60864.425350429025
119.90663489396916,60864.425370083685
151.40904381284682,60864.43418207185
133.5050125731265,60864.42796585793
105.58720724197251,60864.4370922157
118.62890477970264,60864.42697635883
147.54109723519707,60864.421938265725
162.03565396959468,60864.425168461734
117.29044835764113,60864.42534930143
120.51933223037366,60864.425582938675
147.29469549246073,60864.42473476475
120.26201397664407,60864.42460732803
125.70693383149356,60864.42071018373
127.21271220948513,60864.42646820255
107.8829290599603,60864.42261129457
111.48328776239428,60864.424323941086
119.92792841492421,60864.420578371544
120.37274874746426,60864.42323527577
150.6060162619454,60864.424915874646
93.24414604152433,60864.427474407625
90.75596772691128,60864.424633496
127.52875393317103,60864.42257293503
86.79783691142133,60864.42460381541
121.54865360477719,60864.42403053542
101.33013811077285,60864.42381805937
110.70737180006812,60864.4216742786
121.43208284564145,60864.4256703936
111.07474356159133,60864.4234825693
151.19059064826823,60864.422891497336
143.36840054111198,60864.42294409833
96.24080240364839,60864.42245103657
120.15250179139672,60864.424891705195
119.59547377090263,60864.42412761283
131.57630271454352,60864.424575507954
115.47418808883248,60864.42527203861
103.5286369912791,60864.42158983344
104.05492844061507,60864.4249912847
127.95277226074954,60864.43385631078
140.3115471275328,60864.4263994
121.38357190857835,60864.42486642895
84.62994494864114,60864.42444383198
115.89634408577274,60864.42337219788
94.63605465203302,60864.42317039947
150.05466279940688,60864.422426757454
112.77017300254369,60864.42261228264
126.22315890922523,60864.42396236368
125.47216469326004,60864.42608064451
114.45650045079313,60864.42572603999
140.78613245916742,60864.42423989933
135.22231487890045,60864.434133593146
118.79892010162929,60864.42097618523
86.02615834005464,60864.42333497216
117.19615506338134,60864.42598871731
82.0765897039323,60864.42359153123
165.573514329311,60864.42266189168
118.04339940944614,60864.42586558929
97.31262366031713,60864.42228162972
106.4621734847879,60864.42742301621
130.53162230692118,60864.42664448138
114.9471080002411,60864.42455086337
114.12406676827962,60864.42402799865
84.51426236480482,60864.42118947424
130.1257789948037,60864.42373759874
135.37648467489706,60864.42457301157
82.11480639299896,60864.42560773448
152.9232252648289,60864.421834347835
133.93161980178598,60864.42275229799
109.75041351132627,60864.423221140234
127.35096178705159,60864.425774301846
116.05039244511687,60864.43785851173
108.8879077250018,60864.42484520203
120.48513223887966,60864.4265719775
150.36384183964827,60864.42505699103
86.48780020175943,60864.42165529841
110.09054399064459,60864.42302038467
102.47101431500751,60864.42198318958
115.46831681829616,60864.42274847071
120.36767832443448,60864.42502609646
147.83919094695534,60864.4250444754
104.69247287831924,60864.42431264624
148.53236606935164,60864.42345179216
121.707954717089,60864.42272298344
122.1790209949454,60864.42123547494
118.70329420805946,60864.42599550382
108.53524171772506,60864.424814101134
165.84467917082304,60864.42453695578
77.50889736096677,60864.42587430773
73.04603716974502,60864.42151055135
151.56986875033795,60864.426871075506
100.13178361403236,60864.42246542171
91.88025810310317,60864.42396364138
117.55800021953605,60864.424424210054
138.031289123401,60864.42247085166
128.4562678040625,60864.42782965404
128.8693887241816,60864.422821542685
160.77054098326346,60864.42380034703
143.29109318929048,60864.42473607838
109.11928040542044,60864.4218398642
126.27969868407858,60864.42314129545
160.10313328798114,60864.4248541393
141.11320449963236,60864.42591780533
116.78924816722302,60864.42460195151
112.5330952465054,60864.423902806746
88.85941179013393,60864.42382101003
112.32458505331424,60864.425158153565
91.18812103472158,60864.42058198298
150.99035438605782,60864.42176781987
117.24408238563446,60864.42394239189
117.02460886515803,60864.42447931843
93.67331700165941,60864.427613790416
79.77805823193056,60864.42461189917
112.47921405662188,60864.42254291407
136.69065621533736,60864.42157118563
113.45007453659059,60864.422082346966
116.1846117508955,60864.42454321881
121.57450855816197,60864.42263000538
128.6068181219611,60864.424548865885
119.4610939846994,60864.42642823697
158.47949580411287,60864.42335202548
153.148838778568,60864.42278444039
127.04974505666104,60864.422189517
86.54421476598287,60864.423768105116
111.10245119233315,60864.42270011194
61.6727782462078,60864.42450071734
127.81015861353022,60864.42512944156
104.65461975556931,60864.423588691476
132.28512436392623,60864.42224642591
158.0055684076569,60864.422826486385
113.65646980693971,60864.424922694416
134.6682117125553,60864.42231674119
122.48575277235227,60864.42365891629
85.49683614024673,60864.42417449503
136.08263484344815,60864.432406373926
123.01325211255349,60864.42457990797
105.4177508658843,60864.43400654553
102.42619006803811,60864.42366144963
111.57668307007705,60864.4239914647
126.59420164857127,60864.42614628932
139.30845636019663,60864.42468890162
74.62977107099584,60864.42327942144
108.7663107076164,60864.424535280355
124.47059895158954,60864.421796079645
111.00755729443637,60864.42448352741
116.77711527408097,60864.42345115642
115.88210733121383,60864.425626518
136.51097773897752,60864.42520593781
140.6284425554584,60864.42551771529
103.94195640811431,60864.42510659464
135.27725382954904,60864.423791499794
150.89291278714407,60864.424638913515
133.10383445504846,60864.4275060372
140.54016423013525,60864.42589515258
104.29021103936886,60864.42403831108
128.30786919891432,60864.42602430614
150.225095136649,60864.42442672917
90.81300683393476,60864.42380838029
131.63821422555878,60864.418514611476
130.16356235872067,60864.42411438017
145.94231265320343,60864.423319447225
122.53824642433726,60864.42184984253
117.90660561495642,60864.42434039767
138.9694826727683,60864.42371607515
141.13780166465725,60864.42191739791
110.95114822703079,60864.423894685424
89.82555863054054,60864.42145057663
110.87776504541722,60864.42503568799
128.22248877706488,60864.42449257084
90.16325589927595,60864.4223392345
111.08409263526217,60864.42416732498
126.02624401244947,60864.424962306075
107.93550023608634,60864.42729038128
76.10984837766978,60864.42241474134
102.24491577982528,60864.42304835565
105.78254162940914,60864.422136298905
118.68251246817029,60864.425352802355
112.93509866889498,60864.42276103555
145.96901591860282,60864.42426029673
160.58119373967895,60864.42423601904
109.8666081253458,60864.42388737096
108.05089509108069,60864.4237817265
162.04983264975542,60864.425353613035
135.02569102767134,60864.42482546309
164.11658143028606,60864.433572233625
143.6500363268701,60864.42452145589
112.17301601072944,60864.42257523754
95.16925348860178,60864.42223335562
112.31369363944675,60864.42310657048
142.09988622476948,60864.42653538723
143.88634055460557,60864.425053068604
151.38284846826818,60864.42431338441
92.4014060172137,60864.42534711971
87.35800736888993,60864.42814314645
154.46996062606374,60864.42379607662
72.6196109135339,60864.42429944406
105.28529465174022,60864.42442219289
79.32405159293732,60864.42365219702
103.31625723798936,60864.42459011826
109.72033257949008,60864.42272176876
137.0918804513225,60864.42367364086
142.75232311749727,60864.424149991755
109.27338649035823,60864.424626535256
118.90640830542738,60864.4238215268
147.18271721164393,60864.4248497609
137.9782661887146,60864.4270682706
143.864144515037,60864.42606411108
116.22611288631052,60864.4223660648
69.14969129079911,60864.42650411018
103.7520070026663,60864.425356691914
102.0832767995328,60864.424710543164
119.97632512314922,60864.423851291
118.1483383854438,60864.42287038774
123.93003394741602,60864.422771581085
121.28676868681899,60864.42592902242
122.41394578504692,60864.423947724084
93.37443709833155,60864.421733186806
165.40908194396002,60864.42502920798
101.10261145268767,60864.42451889187
82.96699719975635,60864.42179258104
138.0857416739104,60864.42626302958
136.02042240185605,60864.42434761419
126.1861686733356,60864.4264384686
120.13198991561103,60864.42162793253
122.08375407599483,60864.428341225714
124.68279092268854,60864.4239447199
86.96612126704719,60864.42424106044
151.7929316875855,60864.42257290312
76.21601650623047,60864.42791004817
111.0184604130081,60864.42778856853
128.30384676185247,60864.42225010076
101.86951532162574,60864.4221218665
145.21490058510616,60864.42502084729
121.80050035642843,60864.42467576243
103.45478696360327,60864.42391168261
114.07608939461252,60864.422366275976
82.89947291848063,60864.42269449624
123.63920269829173,60864.426781779286
126.50673121145093,60864.42516335398
121.04636012406189,60864.42362294975
115.81047542218276,60864.42269082553
125.11264279967612,60864.42452017895
108.79963833382966,60864.42322227134
131.10780856058437,60864.42229556905
136.08811570602822,60864.42563399531
111.111492184139,60864.42253460979
78.26054067852688,60864.42479077564
115.10562969305613,60864.42359645873
95.15059107788818,60864.4221241464
151.55493022574507,60864.42611146899
113.51516349210651,60864.42540665204
94.12400313814224,60864.42481034453
142.9176328525221,60864.421911414924
119.49061814454039,60864.42160875893
76.8321274749244,60864.425010520405
121.62511656769867,60864.423831920154
143.77535374131898,60864.423238489886
94.11303374538721,60864.4236345023
136.23628850393823,60864.42615320128
84.58734468822067,60864.42360227528
129.47393099952305,60864.422129422885
100.2437630618324,60864.42375877921
117.87065407858377,60864.424352113696
147.86789999700687,60864.42123713233
105.0913629052697,60864.422986501806
80.17960067866213,60864.424154865614
115.17176298882605,60864.42215139134
123.52332612557517,60864.42619909679
91.74299351634622,60864.42269461176
114.24146923624527,60864.42211042357
142.58206422279147,60864.423501420344
92.22180957889367,60864.42453272796
90.33568396685064,60864.42559419196
110.39502959698211,60864.42267652264
103.62784291535444,60864.422811734505
86.55279863874014,60864.42672292458
130.1407167828957,60864.42691792926
123.06933207432931,60864.42324613408
101.90535521423517,60864.43468157753
111.0631671676474,60864.42295258486
123.25980128476975,60864.425054833955
97.73272184003794,60864.420425418364
152.78524533917704,60864.42565142984
81.33491696696748,60864.42329082486
131.18923069779302,60864.423752778195
114.65695307646119,60864.423589167745
133.46308500498634,60864.42286827576
114.49501894102829,60864.4228718202
146.5607409918368,60864.42825194062
137.5359533914156,60864.42289250468
143.9981715253126,60864.424161679315
99.77952125356198,60864.42517350745
129.4531137229879,60864.42504167195
62.97277861688231,60864.422189611476
131.56254051216263,60864.423039989386
128.56234827986506,60864.423735800556
82.38753307747534,60864.42364988045
113.6581869942528,60864.42570570974
143.8547242093237,60864.424255122285
139.61927848886882,60864.42368482124
91.35657009869826,60864.424661413526
111.2416157210292,60864.422347638254
138.63530592255725,60864.42292783511
133.69602272457934,60864.42499524819
108.63389278801995,60864.424253142155
118.18027864684714,60864.42454192431
139.7310384926965,60864.424894887154
106.55816869388705,60864.42682105597
94.19814418495132,60864.42574144554
120.33564040193157,60864.42373462117
89.12051118158742,60864.42373046889
124.04408270749232,60864.42532160238
115.745026583972,60864.42179672409
119.80237809818934,60864.42458332353
134.43084167371742,60864.42432685962
119.14200932369512,60864.42429216864
101.76872019233392,60864.42518426357
100.61500890341381,60864.42221438019
133.66297171119461,60864.42259705024
115.95999149317598,60864.42627390315
124.1020155526136,60864.43490660967
109.8314998389868,60864.42443295247
92.57123023848042,60864.42407727542
82.83280258796557,60864.42513154152
134.38013413342202,60864.422997878675
96.82241568616112,60864.426886799534
101.79242397294891,60864.42373719179
122.73563701459604,60864.42641062487
113.50892835120536,60864.42367918953
92.13006534751077,60864.42083660652
137.04595932955894,60864.422062075275
79.14710560298826,60864.424884038795
119.32586069135762,60864.425778174795
98.02466073820918,60864.425989044576
119.5347994232686,60864.421507276515
85.32224785564229,60864.42442078504
125.47434396434058,60864.42606553688
128.29880383063892,60864.42285611867
114.00295559724024,60864.42434694599
97.96632785102474,60864.42418135564
114.96051631634224,60864.42223534983
84.85088596474374,60864.425521940786
124.38105131352214,60864.42363195684
96.53066237120741,60864.42235335634
135.54356840798968,60864.426452898784
122.10244502237614,60864.42430367778
107.1645988493153,60864.42222295331
134.25757566863265,60864.42435465692
126.35569777909853,60864.425271410866
144.48398220166118,60864.436951469695
124.47273507730429,60864.42222442902
116.26922990612259,60864.424910771326
155.9432383878287,60864.4241968128
108.56686023583946,60864.42249459193
114.83336225248092,60864.42531058123
130.604809441818,60864.42399702033
122.38104027396511,60864.42607241424
120.47854781042471,60864.42276034163
119.59352252051366,60864.42626691407
141.94866288629865,60864.423849234576
116.66600942538835,60864.42494059753
105.70816000696725,60864.42476085927
91.18880764757449,60864.42320606607
137.37177085019192,60864.42299704697
95.19546540570022,60864.42441076705
124.19628771344402,60864.4229912757
150.0899245835587,60864.424069077286
157.2161715047426,60864.42415742574
124.78628630978454,60864.42147596766
88.73383139505032,60864.4218260784
122.2332247770233,60864.422764805066
122.53527243582398,60864.423065710645
102.76425239151133,60864.423433783886
131.1791915176651,60864.42385164314
96.70488382891251,60864.42407901021
126.30481728432382,60864.42195904909
140.3359335135457,60864.42594047865
118.72079333457607,60864.42183791852
107.22689549192961,60864.42453229397
120.20459725091445,60864.426905242486
189.95615607439834,60864.42549437635
146.9627859271153,60864.42416534291
116.86195806895014,60864.42447507066
107.3289679904149,60864.42569014578
105.89685271353167,60864.42443830144
129.4660019420273,60864.42489851195
107.9904632303991,60864.42496224577
168.01848512542568,60864.4244353595
101.69817508331921,60864.42005116732
118.72242285128776,60864.422842650434
93.13964207482144,60864.42396878538
129.17679038523048,60864.42404340657
106.70927150342919,60864.42300872895
89.07655054073642,60864.42483762881
148.21580564137003,60864.42202365425
127.50105752527989,60864.42537342963
102.70915867535362,60864.424783752394
112.71920760723881,60864.424833516125
102.05574212418848,60864.425961524736
89.50972122768964,60864.42528936572
86.10123443850182,60864.42535349904
106.79155786934709,60864.42328065979
89.46473231890998,60864.42373635322
102.86343018223351,60864.422002301995
145.91542737528184,60864.425127559065
94.11729567783529,60864.425137039245
141.20532994388333,60864.426168352526
95.09912175810508,60864.42198233655
113.27747218504813,60864.423009742415
113.83497502972469,60864.42364888944
132.40148209425593,60864.43726570525
134.32469288561444,60864.42214365522
97.41426250723691,60864.422443237294
116.8901236925733,60864.423984610294
100.27097333733866,60864.42480144623
88.8337946757075,60864.42568405173
99.07810893344048,60864.42408059516
102.92135550396263,60864.42494657512
152.6307514380896,60864.42327136562
96.6479528803785,60864.423274783825
148.30531046690774,60864.423571622705
103.65826400150934,60864.42319474863
141.78829540731255,60864.425762462706
148.31316238864488,60864.42409441714
125.31339493719236,60864.427142781984
94.72484473551226,60864.420504436195
109.47131429116105,60864.42266992034
122.49236195625049,60864.42281260241
149.07273716220672,60864.4245983952
73.31584680949827,60864.42406949463
129.3524226338299,60864.42589181438
104.72417903604382,60864.422955424176
98.53171711919146,60864.426563523266
89.30905422307114,60864.42691938447
121.87253610116707,60864.42336772925
134.3782385183361,60864.422332527975
109.51913284969359,60864.423477895885
162.2488699161197,60864.423558785464
76.55974894737045,60864.42388419325
105.79590744155689,60864.42630760722
82.77191616426478,60864.42606982432
87.56423465686821,60864.422812168465
97.65548455930819,60864.42473827569
110.3072614176563,60864.42244286335
116.40909807687521,60864.423871645326
145.1934304545839,60864.42450020607
101.5873957918082,60864.42544533955
86.69921897080336,60864.42350979346
147.1193981890642,60864.42217461827
165.96864507086053,60864.42320890459
117.40697532314373,60864.42443835333
104.59973953968719,60864.4270356149
150.3259503263702,60864.42459776221
126.17814611582935,60864.425380626286
126.44495555075407,60864.42414328394
118.82661472862105,60864.4244005877
88.76751184158154,60864.42198459271
77.80047846682288,60864.42605605724
119.48802894915788,60864.425177909296
95.78380480050282,60864.42465070351
101.98189159434342,60864.42487924649
74.60330589359808,60864.42303910023
119.6593639367204,60864.42488465736
131.35249756962688,60864.42552974256
97.57926183832761,60864.425343247756
138.82678630970315,60864.42426012568
120.54759203504172,60864.423764781124
107.70687158478039,60864.42523858535
82.50262049420563,60864.425419708605
104.45559021465488,60864.42042939859
126.94725998493416,60864.42284235654
162.19623336121958,60864.42334131032
95.07727234718695,60864.42327621235
112.31774362637678,60864.42464189083
126.32790152191541,60864.43386133964
132.44883903865315,60864.42271483914
145.72409176025403,60864.42274039682
129.80260620403982,60864.426489009296
162.99209616800036,60864.42317763308
122.48142314865565,60864.425652193095
144.32199403256067,60864.423908817706
115.73846709042412,60864.42342471761
84.47945549133823,60864.42410066978
166.46946677981873,60864.42279730068
155.98547159517645,60864.422057266675
120.9798524349195,60864.424611874245
113.19038659598445,60864.423126390844
81.3891392408292,60864.421550983716
136.99140815164245,60864.42584124856
117.35682302648463,60864.425078302505
56.440609669478725,60864.42607104662
127.52937346225055,60864.422456460205
127.19351143084228,60864.424378064556
109.60562790733213,60864.427351959836
100.69096413572017,60864.423947325624
114.965540433501,60864.424822194276
105.95883267385322,60864.42584005308
75.58364498202181,60864.426268646224
99.17793232819497,60864.42640930127
122.40440045866387,60864.42494229127
86.27499078476612,60864.42567455066
124.6852342551532,60864.42490743777
136.8969444157935,60864.425702023516
113.18259933041266,60864.425519816104
137.99239486274533,60864.42620943096
89.68551728429371,60864.423682814806
92.35788658707405,60864.43688884097
150.77930035411688,60864.42303581364
98.03388128662654,60864.42310229913
134.71950607764123,60864.424985878366
57.58079858154601,60864.422558720056
133.10796096942954,60864.42398051647
133.63669903403712,60864.42208160131
126.95509370714704,60864.42344013478
105.80456310515991,60864.42376334794
109.40084577982063,60864.42432765458
105.46335601067963,60864.42151717925
127.74160348566417,60864.42395280118
117.4387903549109,60864.42430141371
124.90051006544897,60864.423378134
130.1589294764421,60864.42335630934
112.01417959299047,60864.41984090761
153.60475109693527,60864.42407139747
142.3249953201123,60864.42145327553
74.18045303841828,60864.42231949947
99.0382016600711,60864.423647404255
78.67292236785008,60864.424653097565
151.33697174425458,60864.42327237273
92.80825962562753,60864.425136157995
107.56651237322174,60864.42247052803
110.52298810229921,60864.42693074522
154.7099255952245,60864.42236891314
126.7401825898383,60864.42304114192
93.64963804315721,60864.42434753888
144.01395257019865,60864.42269454373
99.17819315140495,60864.42181418725
105.36984298565642,60864.420226102804
127.68554494092899,60864.42087893705
136.9566050349484,60864.433423234026
128.24317067685084,60864.42152169143
108.93352192563029,60864.42286430907
135.67902960246062,60864.42188422944
148.51356586229483,60864.42466918082
141.81073351896126,60864.42474882839
111.47388553643606,60864.42479773624
73.86053779942489,60864.42236433076
121.16687297846714,60864.42616399059
141.49906569438755,60864.4217335929
100.86811637890904,60864.42544134968
90.83064225487252,60864.419737243006
126.45981750053552,60864.42195454363
140.79080790876404,60864.42366667856
94.07815070883771,60864.42337368392
73.67456356013004,60864.422931529305
99.6362299859087,60864.4225942922
133.38311016425988,60864.422021021965
98.53341401504831,60864.422057958654
132.50902031776005,60864.42525037409
75.96700772638407,60864.42356204985
139.80062807392878,60864.42380696599
134.68317852177327,60864.42587310337
119.10978868778336,60864.42422613311
111.65183339558551,60864.425255174
136.63135483744614,60864.42568079064
117.1423694654653,60864.42308023514
135.15043435289292,60864.425442833664
127.51042181657766,60864.424068751454
112.69854851529621,60864.42546874144
96.32421493630194,60864.42388913486
106.97645267914517,60864.426034738666
108.25399252157236,60864.42299890945
117.77199555672348,60864.42470687133
99.93695075924201,60864.42574220016
99.37420820358079,60864.42608641267
141.37601192007605,60864.42152528007
101.78177574865461,60864.42773070438
93.97011261904248,60864.42482430656
90.97206830290037,60864.42522796064
105.64212459371204,60864.42473355573
92.39191702334094,60864.42576837011
105.8085208810237,60864.42327241264
135.84807726729588,60864.42305704827
107.56022798157241,60864.42202113669
153.226388439072,60864.42349326422
115.55118800424599,60864.42216726195
145.65991642661876,60864.4225001708
144.21420620337463,60864.42424725047
160.51184939727005,60864.422136678404
117.29626533555702,60864.422313530275
156.15190847523488,60864.4249972202
103.70863058810932,60864.4248227047
149.32846270997922,60864.42151552103
130.57578163656072,60864.42493432811
85.65224101961066,60864.42470149313
159.65541442900607,60864.42343362152
121.09107957658337,60864.425480539365
104.10807001071454,60864.42410838448
103.05805631585369,60864.42512981281
141.5775093226111,60864.42732576264
137.02766894517418,60864.42303313733
124.15659964433621,60864.425979988504
139.56358124548314,60864.42245268066
104.31565508600823,60864.42431696906
120.22983624214774,60864.42672978658
82.60369009144625,60864.4249094106
104.85390735878869,60864.424188446676
97.36806268664425,60864.424297680926
115.59044267149622,60864.421909919416
152.06612414662763,60864.42314821564
138.39637734264707,60864.42371784088
111.28719006191015,60864.42749292218
99.08523954764972,60864.42474427518
126.32611511806459,60864.423646331445
94.59549963415766,60864.42381685934
105.13057975457409,60864.42503044565
129.60137382860583,60864.419988745845
130.05234107786893,60864.42430593546
132.99490571973016,60864.42288232427
94.71794693528582,60864.42605990617
151.94943488023395,60864.42524734716
104.2969050616165,60864.42504920672
122.71420083434994,60864.4248273413
112.30835950152596,60864.426070778405
99.8943645812045,60864.42217715903
119.39040430597265,60864.42318362292
133.48582678567135,60864.425499920246
100.40806783319532,60864.42224835735
108.49021244157602,60864.42271803653
128.35870000498528,60864.425163497704
123.14721342229066,60864.428717612274
157.90963979340202,60864.42234182466
146.2157768319682,60864.422684960875
85.05555000328917,60864.42523139929
136.71112874488563,60864.4240144336
101.30151226913478,60864.4218880368
106.98424022199433,60864.42553727671
131.74032455078728,60864.424263226196
88.12337269691992,60864.42428194536
93.6776302378219,60864.42335566182
127.2854196751965,60864.426040579594
97.61242519051261,60864.42384824902
84.71759854192818,60864.424216254636
126.5337503793312,60864.4240342956
108.1217540278252,60864.42529232483
130.36405451427663,60864.42263956826
137.2638532572765,60864.42536004908
136.59334941477775,60864.42497932369
142.52099380231414,60864.42370896394
99.92555851764867,60864.42673002844
124.87857526919194,60864.42560665444
145.60786095846933,60864.4251270012
98.68719186325576,60864.42542435259
98.81958897087127,60864.42515387193
81.88799182282166,60864.42299788776
132.65657916743672,60864.42172555561
93.97949616522334,60864.422637221425
119.68240875755139,60864.425824084574
113.86399057502248,60864.42511191049
144.67176625107666,60864.42658561121
132.84782464425592,60864.43580579546
132.53429042462787,60864.42411574742
110.70772704409086,60864.42473567314
125.24665349999663,60864.42628398882
113.75541739725927,60864.42474671443
136.513451967317,60864.42610162599
99.95521100766419,60864.42385577371
123.69716749855036,60864.426314841105
139.12028523748992,60864.422454222266
99.02903858402925,60864.42590782582
89.9562028435537,60864.42495834546
147.19411348389798,60864.42275632577
146.65630987750293,60864.422335166324
140.38856935621018,60864.42460132727
97.75655929488397,60864.42451927546
129.09449661495157,60864.42242080577
66.47811987717168,60864.42517385684
110.56104254050567,60864.42530221427
110.92087053832677,60864.42501531742
135.16612387263848,60864.421781965226
124.27716889000406,60864.42457423332
70.84346683680808,60864.42227460275
103.65529448379401,60864.42532871755
129.59699948315173,60864.422770681
131.49333408773862,60864.4245495693
94.63827404781298,60864.42541346469
126.9475225730387,60864.42422226141
129.0898333995045,60864.42439974835
130.6405669598671,60864.42151686714
134.17968245033953,60864.42524147746
85.22866309248022,60864.42252791166
106.09545774701868,60864.42285785323
139.4946963839805,60864.424529567565
107.24187403895885,60864.424738633796
115.21543107803257,60864.42351996797
118.55860705069794,60864.42358007267
101.3647409300255,60864.42327267434
117.46100091797848,60864.42511727413
119.89738266437278,60864.42146981643
123.60617104669566,60864.42381475861
99.3910495763898,60864.4233518306
110.44278728110784,60864.42719305486
99.86555621092012,60864.438786573846
117.60106244664544,60864.421734060146
123.73567637478268,60864.42395316266
92.54003694285768,60864.421573600004
135.89284262134058,60864.42469127585
125.08343039914898,60864.42556515266
83.95619968713955,60864.42498012308
121.9113876007007,60864.42135121786
139.216871244994,60864.42579260136
123.37218142196015,60864.4233538125
69.94942309666462,60864.42650343298
97.77008947897171,60864.42626815709
102.8786163096148,60864.42484010849
133.8935823781797,60864.42448284043
105.22689361768296,60864.425175355864
120.94236513591781,60864.435227917544
130.31236250479319,60864.42472930817
97.84381743675443,60864.42612617671
99.0167066243846,60864.4230828242
98.37798766006698,60864.42291298462
74.35563059857625,60864.42585442123
107.91247874016148,60864.42458632882
131.41323681359518,60864.42341928088
106.16380363933789,60864.423919427856
141.51012779706886,60864.421923108544
111.59431042051133,60864.42510850089
124.90167531915947,60864.425402500456
126.2424721724096,60864.42319827849
126.18529591548109,60864.42221069443
116.98375853898703,60864.422520160944
160.00111345471308,60864.42028362431
112.34461908085383,60864.42119267763
117.89951781722418,60864.42277640779
73.26643560255118,60864.433160458015
95.3964319326577,60864.42584957412
144.04450457222768,60864.42235019354
105.21571247214032,60864.42440775619
109.5252768500364,60864.424620524514
87.33213660877217,60864.42255032364
105.81315904152514,60864.42279305794
89.5274679199508,60864.4268364836
108.6993311379438,60864.42130490654
105.91088815035458,60864.424752198276
118.77578200150649,60864.42405417174
122.81264062424094,60864.425329158075
141.4716614405319,60864.42437308637
118.40880102408036,60864.42222278334
128.8744833757623,60864.42383548216
117.62319330792681,60864.42157637183
142.08958055595193,60864.42241109487
140.8402750674318,60864.42411651363
128.0386489916505,60864.423040384885
98.88778284444675,60864.42567544287
82.74133418164537,60864.42391064256
111.42127921979849,60864.42197707866
123.93257963348277,60864.4240788691
132.6719423492007,60864.42234010577
87.87627210772763,60864.42439317524
150.82373002785903,60864.426288304974
96.47750107847459,60864.425929823454
110.09258655376081,60864.42452270875
135.78003246439835,60864.42207866834
134.81259204467037,60864.4237619259
134.37527774825278,60864.42471770236
114.9847239079207,60864.422693321925
116.95818024442347,60864.424596470955
133.6870547197444,60864.42366686203
116.30895520155075,60864.42314160194
118.7846181627901,60864.424142455005
128.36717097458595,60864.42362720459
136.9423716132376,60864.42780436961
100.22542426850188,60864.42281331169
87.74778628272665,60864.42486773756
133.83677393863834,60864.4221417761
102.40100201083432,60864.425458657104
102.25254130243749,60864.424046120024
88.2036626739805,60864.42673775707
97.4357735045078,60864.42188314287
144.31366177988298,60864.42384150387
126.3722572722634,60864.43900456437
120.50039908811078,60864.42566665945
124.00330507940414,60864.42406245268
135.50479859140333,60864.42394661585
136.88295110562888,60864.425772982606
137.69470268431598,60864.42515918002
126.72443431762902,60864.423930996265
107.01289730833936,60864.42271809042
124.10618150958545,60864.42405642724
93.45056290572617,60864.42252049743
80.02277383235881,60864.423454339376
160.95745629669372,60864.421228940744
113.33925612874702,60864.422843300345
80.2248138442091,60864.42276767384
116.59420347971518,60864.42151985473
117.63297407189542,60864.4234490697
136.10219956888614,60864.425223242106
115.08921744877205,60864.43530330371
117.1961737814539,60864.42146382655
92.96275283483888,60864.42492287054
113.37688810930726,60864.42516984647
131.58711533764892,60864.42750712803
129.4604246015411,60864.424968779604
102.86346755088567,60864.423971323384
130.94648921272614,60864.42365024599
117.35279328481839,60864.422234211605
109.08265113383422,60864.42305192823
89.86826380709432,60864.42307413809
85.11491498029557,60864.425688595795
134.072895294826,60864.425880240895
116.23055055534839,60864.42451114525
122.0960998783598,60864.42360825091
107.56622332140037,60864.42412693354
132.72638183957878,60864.42372585424
146.4194695060288,60864.42280213422
109.7638351350409,60864.42517955554
111.9008641442549,60864.42308522993
127.72761776785025,60864.42455013355
135.41922903243122,60864.42414853757
99.75769211012599,60864.42600098832
117.28383153352745,60864.4239596856
118.5814533057827,60864.42550840413
73.5000954413129,60864.42675045232
109.92122926185232,60864.425493159506
92.63080506586205,60864.425799951
117.42705194799711,60864.42510583096
156.1996985786394,60864.42379905416
114.35199684660842,60864.42780330427
131.75266413188058,60864.42086212556
100.2984192531443,60864.4256230016
133.08182382547596,60864.42446989271
99.18181120356893,60864.42309109255
132.03233130631781,60864.42491560293
66.17431553213571,60864.42492315865
109.73259392261066,60864.42365763495
121.6083243806043,60864.42256973071
114.76605238938731,60864.42388399103
122.03898837101603,60864.42314988052
95.37194312287679,60864.42380121432
115.26636046841618,60864.42572262829
105.53236131038604,60864.42364799454
101.31707413056986,60864.42294717375
92.75620649711162,60864.43633418691
133.77775873432566,60864.426331653674
117.18167793507695,60864.42583864719
120.52744437203783,60864.425531245615
79.67548584136453,60864.4216000125
110.34331518388522,60864.42514044816
137.3420787382639,60864.42504674296
128.3151757581135,60864.4262211738
125.72381024437747,60864.42448851182
113.33855415995686,60864.42419365846
137.3765320866475,60864.42511407195
85.99095229535013,60864.424379705044
135.0284296904868,60864.427032744024
140.28762421216476,60864.425739338025
127.43107054042382,60864.42347513802
122.73466030795105,60864.426677915355
105.1187059103221,60864.43626565183
164.8851963986045,60864.42463284439
108.64726194542753,60864.423769220346
145.61610815281975,60864.42218205568
109.7568279125814,60864.423161562176
130.05755588136014,60864.42484413483
122.0882971475434,60864.424778258035
103.64042436263013,60864.423471535825
123.42744083843583,60864.42370263408
117.54486551650098,60864.42295329119
157.86375991795933,60864.421684180685
127.39017821446934,60864.43564831637
96.30860521981818,60864.42567867964
78.55504160268255,60864.42369345025
142.81432896573185,60864.42337480611
109.1385561563006,60864.42214561118
135.2423071206826,60864.42377344339
139.747690361197,60864.42351245104
115.35563073060483,60864.42294091923
85.62198869237044,60864.424205864656
131.9298018689885,60864.42292237764
121.73817145872044,60864.42312433235
122.38792490447446,60864.42557233063
99.66980444912403,60864.42358804521
127.4354804650731,60864.42363708288
108.08512903681404,60864.422798552725
141.22006348692443,60864.42212395124
119.73854860690412,60864.42114409575
127.91249245647224,60864.42486954558
140.96068249217814,60864.422318315424
101.78468370768996,60864.425222372825
108.31869836519434,60864.4235430155
164.35334200590262,60864.42362422577
149.24578125027494,60864.424646795494
136.70430113215815,60864.423437822086
100.55769501123119,60864.42490625201
76.54970762434534,60864.420952471744
126.96652853274381,60864.423455500895
127.90223748347125,60864.42645697064
119.20085392619121,60864.422010937764
106.46712679511255,60864.423997073325
106.17384735703199,60864.42573923447
115.32463096990608,60864.424445319775
115.9093895472802,60864.42367713331
109.07253727258869,60864.43664027335
89.06017024775228,60864.424974605485
91.36412625587336,60864.42452272151
132.443241373417,60864.42462514582
77.6281644802242,60864.42136243181
88.91388250892423,60864.421710623414
126.49839628983764,60864.42543311043
91.16877100969282,60864.42248004164
94.58528395709419,60864.42440288639
119.36842817923363,60864.426518293476
103.93481646643515,60864.42413603396
114.52178926970865,60864.42546773991
131.50720455313527,60864.42196191784
102.09045453764351,60864.423605031625
116.32471435332435,60864.4219543668
110.59549112699024,60864.42302130703
152.4974643697166,60864.42203168384
130.04958342215696,60864.42466565532
129.3796759360506,60864.42638688888
126.6616382246285,60864.423929469194
121.53554946696377,60864.42375927346
136.3376945138427,60864.42521369285
138.06839279099864,60864.42540537454
109.1288545496258,60864.42681026054
110.71775573683745,60864.42522316414
105.63686776409375,60864.42239557263
112.31322076336275,60864.425570925385
124.23798647388175,60864.42684176654
127.27229184554406,60864.425574085144
152.59775055339318,60864.424539061845
101.23490755703705,60864.42565117264
107.14080322247843,60864.42250636248
126.69330617082989,60864.42490940124
136.3311199884413,60864.42377366312
115.18316838523319,60864.42569975791
87.18219342834153,60864.42320143589
105.76953243419113,60864.4348380166
80.88484863882123,60864.42730502743
142.80535261292135,60864.42222170378
134.02887585479277,60864.423463378385
129.1847031089298,60864.42471156964
128.2567801303386,60864.424552551834
132.6105047573878,60864.424312187446
105.70747411872193,60864.42419109492
92.35903354015966,60864.42580819009
113.02881032954235,60864.42486866006
160.91325733806147,60864.422898897836
111.46284577744265,60864.425326368466
129.04386235891633,60864.424922923725
121.23252432426327,60864.423471733164
137.76414849581252,60864.42622519833
91.94633632405954,60864.424017108395
78.59434994482666,60864.42551081129
106.79974385185179,60864.42504761893
115.97497279756952,60864.42330484314
124.0001039545381,60864.42409045012
145.03343435427036,60864.421481906174
125.49659862227657,60864.42514650517
119.40283297660439,60864.42210159737
116.72969592704169,60864.42456462053
111.03301847390127,60864.42489050827
120.98027519851749,60864.42225878874
118.40109423714624,60864.42575635844
113.19176945510377,60864.43433320269
125.21726511107394,60864.423177166944
87.43393801539504,60864.424968236985
152.60139814601146,60864.42523484108
147.14386550421474,60864.42417199715
123.17147631201233,60864.423990215306
99.92595944792473,60864.437338642965
117.16561295854095,60864.42521526106
88.35132335162542,60864.42627997501
77.77806956138873,60864.42649099409
123.73911364708044,60864.423617716806
108.45871626620679,60864.42392560965
120.14281853496861,60864.42609743239
117.39047117789407,60864.42349957534
147.20706310117822,60864.426128379484
92.93798268514978,60864.424113966525
133.1820659100437,60864.422655105845
142.27963327832467,60864.4274355963
158.4548147524913,60864.42572152358
152.15551916171165,60864.42459522373
127.73653315096625,60864.423144632085
158.5525512200986,60864.42563143911
76.05699514418411,60864.42172534726
117.2716433848046,60864.424046727676
103.67964172226678,60864.426624462496
123.12193442794874,60864.42350452791
106.18978441819218,60864.421458721095
143.82577272282813,60864.42590914334
133.27659023367812,60864.42480520456
106.05580646503017,60864.4268317042
127.49522331209555,60864.426141249074
99.60525533401714,60864.42453830502
106.08342530342975,60864.42649532728
64.89949395687081,60864.42423636635
102.30087404500176,60864.42340050187
143.40076045412937,60864.42385956623
144.36386105331525,60864.42651638323
99.26214883420796,60864.42385887058
125.83066806523676,60864.42455821858
104.95930602083885,60864.42578975322
141.37698179789004,60864.42579161869
124.3080934479413,60864.425920739624
145.85852509477357,60864.423488111126
121.1764694757105,60864.42309392323
120.69714999952058,60864.4236501303
107.93315719532634,60864.423558209404
103.21472018187508,60864.42029146503
111.08980721684087,60864.42230482558
119.55709421902462,60864.42296262253
107.55188790704635,60864.42240271514
104.11548968791875,60864.424380196026
123.30775501340302,60864.42311480559
99.88750582304323,60864.42638469801
163.33295579877316,60864.42478139763
121.51064127036632,60864.42285538828
116.49844201865008,60864.423694200814
136.1872721983074,60864.42236801494
143.83618827637852,60864.42354154897
150.60784249128682,60864.422881200255
72.31482862562295,60864.42640634321
129.82492018784623,60864.42264910054
108.11564888449698,60864.423922449685
105.84648825722412,60864.424271691365
129.43122679665365,60864.422304677035
50.06619510906927,60864.426287298535
81.68460904734567,60864.42559254592
144.5807795143273,60864.424595276025
135.01135429680107,60864.42446558423
129.31093865543505,60864.42561996463
125.00363809055904,60864.423723843174
105.15006364105606,60864.423990654526
49.557062463348444,60864.4245941184
93.65755624369936,60864.42305420203
101.68692407016273,60864.425319334136
110.39044205244231,60864.42499824783
130.7418343014975,60864.42396802246
85.09351786490326,60864.42501486382
94.09224599142605,60864.423731673065
144.11879074322135,60864.42501660045
174.2523390668788,60864.42262288603
105.759809385485,60864.42293567346
118.60076148066346,60864.423899725065
131.38505817775737,60864.42069443846
146.31312367867764,60864.425092688
126.74000519709455,60864.43453564659
129.75163817619605,60864.4256507088
117.438842182307,60864.423418082246
91.66242673526854,60864.43593322032
79.05642740928224,60864.42358167583
133.3148472758437,60864.42415464034
131.49226480768297,60864.42288683166
106.87352652881121,60864.422988662016
112.85481301946108,60864.42198752023
127.0423856185985,60864.424226986
84.63249156759849,60864.423960780994
117.49999105450982,60864.42465522355
137.12719092751928,60864.424020134866
118.7865761103835,60864.42604444774
139.91638811223334,60864.4254448839
72.5152837981403,60864.42624323962
91.81118290965931,60864.42562422576
113.74210637847808,60864.42566568458
114.18146134246521,60864.42297400137
123.6913109350713,60864.42481565032
143.55536460799084,60864.42559536529
112.45806701879447,60864.42397504417
138.86342760350652,60864.42361789915
111.52070581516602,60864.42553600966
131.95025425550028,60864.422118252296
155.10943085150228,60864.42420185103
129.4753629037467,60864.424919038036
153.3459114173777,60864.423692605065
94.38401538034309,60864.42275431116
109.54991109116372,60864.4359899131
133.2472973239852,60864.42285910784
115.0127967998268,60864.42430465763
106.9161064984449,60864.42698524772
90.92433580978833,60864.421763459046
86.93925218560636,60864.42572981131
78.00333243122182,60864.421997431935
110.13875367654792,60864.42293789306
152.20241053362474,60864.42398897569
67.7947015016339,60864.42251901703
164.13711762595585,60864.42258099023
102.82463433909939,60864.42267894072
123.92368668424623,60864.42565003614
75.01926783675823,60864.425770033136
91.29008117883077,60864.42359630855
151.51401167677324,60864.42471763273
86.6183438856683,60864.42531013105
143.42963181928997,60864.422869189555
118.63196753591647,60864.422732699735
74.16113014689283,60864.426790878664
151.4100010372461,60864.42316891479
86.58740427810518,60864.42171216397
171.56037931897515,60864.42401895793
154.32057081350214,60864.426259566935
154.23836100720547,60864.424633193594
127.06504499042327,60864.42065654775
147.27647185641362,60864.42553981908
129.6057064263279,60864.42153301239
127.77131172503884,60864.4220963738
100.6225535711096,60864.42406709735
110.24921265178592,60864.425404957015
134.8326883119735,60864.4242611889
147.62285543234603,60864.42627819758
133.63743324466515,60864.42555867164
133.94303310203972,60864.423625563504
170.30027390645023,60864.42366099794
154.52157034498995,60864.42702727028
131.8726431986697,60864.42571463329
145.20147931812133,60864.42592307636
143.3121169531568,60864.423733578646
77.83397129614455,60864.42330199689
140.60162354026735,60864.42317364782
117.54489246307355,60864.43541282785
141.1656441965601,60864.424056723234
154.1534098244674,60864.42654862628
115.22245707082647,60864.4264547623
126.71846790165309,60864.42559987723
122.49019046559428,60864.42475993473
105.6870935119001,60864.423727399626
97.1648230036281,60864.42354100792
107.6851061579984,60864.42341965765
60.91381476145994,60864.427617969566
54.46479897329285,60864.42231373804
85.70218225657054,60864.4243733479
85.587766949463,60864.4249251448
93.78574535551473,60864.42531228405
149.9908156810939,60864.42418231458
105.95745936298685,60864.426505452626
103.97573727668514,60864.42330786659
114.85418275149935,60864.422292851035
109.45027168449391,60864.42389275843
91.05699189062696,60864.42347176814
141.78526058728997,60864.4250107673
97.03597575687152,60864.42193482154
134.4800737655126,60864.4250661643
66.30677795479791,60864.42648667236
136.49569439158225,60864.42635458198
86.7449374336504,60864.425542493234
125.8315623079273,60864.42594810611
180.35433126219402,60864.42405862745
146.72055671250993,60864.42462471197
129.2913211376004,60864.42809943892
105.3614268282919,60864.42508446537
113.08702577643581,60864.42565554855
124.86638586654507,60864.425470787995
129.63035736975,60864.42547283295
104.62605141829413,60864.42327294211
162.99424897341177,60864.42411567371
42.40706883858808,60864.424291818264
147.28629502829637,60864.424686923805
111.9556612420671,60864.4343695377
152.69912129258833,60864.425131722965
115.04905592407418,60864.42528022093
116.94576168532812,60864.42280308895
80.9880391223817,60864.42326264737
111.37305166331527,60864.42279954529
115.17946967293337,60864.42169820626
114.89490879778275,60864.42655201906
167.7640396395674,60864.42653294068
131.43604483195085,60864.42414053239
95.01953215537921,60864.42497745448
138.2541675757288,60864.423132465236
143.4520812911012,60864.42335209973
114.33808715784083,60864.423921467525
125.95313667205745,60864.42332242611
116.13761619754314,60864.42316543815
86.45746379288003,60864.423316065055
118.25376681085329,60864.42296968011
117.49947902628249,60864.422424112985
134.1963840502305,60864.42365390134
106.4139186330653,60864.42720088213
112.14956562819218,60864.42157211873
124.49832299386914,60864.42159160246
148.7859973296508,60864.42227270558
119.07483112573054,60864.42315796068
99.12081039250184,60864.4252324755
151.7718008690913,60864.425304531054
120.93970274288975,60864.42077704085
102.3074476847581,60864.424137806745
152.96330366536156,60864.421517940085
111.11729458906947,60864.42609686664
131.327330856653,60864.4251087278
99.00635207909701,60864.422767318356
157.3958657181156,60864.42224799402
137.87748072106083,60864.42386568783
150.71229740195807,60864.423490792884
117.64810089643132,60864.4234666211
164.53178776010003,60864.42461460729
142.26499222064214,60864.4257783306
122.14277481891627,60864.424901104525
130.29823299896017,60864.42140980706
100.08283415591872,60864.424294371915
89.68417089651247,60864.423878451824
149.43077206976187,60864.42561780151
113.1941543666323,60864.42528931489
129.13868646160594,60864.426595413
117.68579786856314,60864.42565018767
140.54616442092296,60864.42263339112
135.83945451457782,60864.42194708668
160.35423976081043,60864.42431219527
135.93419702116785,60864.42447447328
110.48896500888803,60864.423257351955
109.16709751832715,60864.42466033321
142.10485542020277,60864.42374508
158.63177093377047,60864.42477543823
113.64991097566727,60864.42718786647
116.9033967332199,60864.42529629805
95.1015481544919,60864.42583990723
133.76653535330104,60864.42493792232
114.9892637224508,60864.43663406625
133.82711011553494,60864.426154970795
146.12453843926428,60864.42512384456
129.08757654414396,60864.42608443744
97.58255243886204,60864.425116750266
110.38675144494171,60864.42389106784
107.94413546356074,60864.42338748202
108.46027222233562,60864.42515200422
126.81329783027057,60864.42605396208
101.70796467334354,60864.42161846263
144.39645895576066,60864.42160288795
204.9199999233153,60864.42349141971
121.28980423761361,60864.42341175119
126.00772307926847,60864.426029029324
103.18736881535524,60864.42240282948
93.14031177090263,60864.42294224564
121.75864270761312,60864.425313900836
127.38236283552074,60864.422727881014
142.4603836491197,60864.42484939344
126.22760658414532,60864.424133719665
124.5520819909814,60864.42195702007
136.46845026651295,60864.42364611756
99.80614387644572,60864.422973375236
109.44903835721885,60864.423643722796
107.35145096776473,60864.42427566777
149.0312622481874,60864.422513115765
131.02673572433838,60864.422333270035
112.70047669396577,60864.425551307686
115.53201107022566,60864.42284160169
123.11535007941907,60864.42284808903
79.96937277838798,60864.424121859476
117.9084985592831,60864.42628658873
95.24351281839485,60864.424702279044
119.38145079814248,60864.42560806444
150.40783064577585,60864.42609082839
123.08583490798294,60864.42263245402
118.09937608627817,60864.42443622754
102.5205888560875,60864.42344208828
111.89971704827605,60864.42326429772
104.80259341148698,60864.42830606672
128.0572160923787,60864.42610973182
105.3579930298088,60864.42208497908
100.5627142705301,60864.42203812288
157.1848330205312,60864.423922183385
137.53213462663064,60864.422875586984
116.28731749616217,60864.42240690509
130.50917506068998,60864.42213541268
106.7404311953136,60864.42356744538
117.38433921912076,60864.423886834964
160.42369174751437,60864.42335183008
100.54739071170378,60864.42479816416
127.05916061729941,60864.424008815055
102.55613896932572,60864.423578593756
106.65534095689021,60864.423827293285
123.24949123806455,60864.4229687862
147.4541122089987,60864.42258062214
112.48503492077289,60864.42477133437
109.86203802659765,60864.42297204178
119.84123042208189,60864.423847543316
118.94570600908901,60864.42112125017
126.57700544746271,60864.4216063482
115.4049201304386,60864.42295643457
137.81949372494307,60864.423485101644
111.83613665943724,60864.42510787605
157.83477439478702,60864.42502927929
106.01571955530669,60864.42189798704
101.25720784210282,60864.426603357155
92.77031446645628,60864.423324920754
135.47170466263827,60864.42464254199
94.00958340707727,60864.422325343054
133.0599077864606,60864.424685335114
101.23153154471525,60864.420558657315
106.15102223432383,60864.4221580099
98.63564004427866,60864.422817886334
94.41244339699217,60864.421334659724
92.92077808771936,60864.426114752445
109.80189725876572,60864.42301156532
122.26973175002621,60864.423121170206
98.79760422075789,60864.423075108134
132.5158831402065,60864.42494269551
116.70988503128163,60864.42208845276
71.73491706178139,60864.42342220271
129.19570612620387,60864.422586243774
145.5118585686129,60864.42245678161
107.25358205078606,60864.42422096741
121.97143977215082,60864.42156628295
99.98890695123383,60864.436223966404
101.93196975338212,60864.43611764394
83.95656248595967,60864.4254995267
111.62538220164994,60864.42462900942
121.2334304805489,60864.422555890815
143.34421102177492,60864.42324241582
114.90085176120624,60864.422539340696
138.42257333683966,60864.42108929595
56.17571108815305,60864.42649319722
135.4163115008622,60864.425045832824
109.70516460577664,60864.422827545015
142.03277131255348,60864.42442119965
185.4499819273745,60864.42431251753
129.62992687921013,60864.42334834966
134.37405804396204,60864.42157063687
125.12845285922059,60864.4224817847
127.74863226362802,60864.42680431769
142.25783446057073,60864.42220246399
80.08069587412228,60864.421052112615
130.35767114050594,60864.42673699904
128.11516157370968,60864.424005081775
124.49087662329654,60864.42232408923
80.20475779602407,60864.4266211342
134.26648458183888,60864.42537250788
111.97765179888367,60864.4239922065
130.635379914702,60864.42576214212
137.22130431225256,60864.42533934195
93.96464765734477,60864.424138427225
161.6607510934287,60864.426383172184
117.84558244719568,60864.423041069465
97.1328641066035,60864.42406607778
105.56166500896988,60864.42408883262
77.63057081304859,60864.425095939594
90.1984319815986,60864.42650719104
113.05076267431436,60864.42504036945
85.441513735045,60864.42071718752
152.17634550344246,60864.42521329386
127.68340918826325,60864.42402140887
94.22294837273685,60864.42362221148
101.71684686604601,60864.422550547904
148.8402864906541,60864.42361110196
104.58502795365622,60864.423984924106
153.86814098989873,60864.423442207364
101.9155262644396,60864.4237097018
132.22859391640122,60864.42433573498
131.77324786100303,60864.42564680771
123.10664178552088,60864.42191160954
86.72932839213232,60864.421756645344
127.90752109599998,60864.42313290219
161.09465805796953,60864.42178685854
93.53755884406566,60864.42303440805
151.72813459621705,60864.426527725824
124.3783517006334,60864.425617775094
121.89609271818199,60864.426098550684
120.9879760382421,60864.42289799141
79.65079738190943,60864.42328763132
176.76662787464346,60864.43565671806
143.99393882477028,60864.42525248652
127.44476303516296,60864.42526469677
125.5284673548775,60864.425233266105
96.27979759930142,60864.423346635835
128.57123110368119,60864.42441055213
96.79127571169548,60864.422066313055
118.3389703390029,60864.42338652732
124.59154480597238,60864.42301544049
153.15794455587658,60864.4249073128
133.09790022424414,60864.43641933053
124.89219744466531,60864.424841441156
117.8152544103244,60864.42547552858
117.35900649121736,60864.42365883549
128.90309756983376,60864.42505522956
122.3638256853074,60864.42399113327
98.58642918198078,60864.42630535395
80.03605707071779,60864.423745160086
94.04831427240852,60864.42438509612
91.1631161257821,60864.42247038693
124.8952547054077,60864.42464935245
130.9995973963631,60864.4262721862
114.49681839673933,60864.42281714648
130.55167536223647,60864.42370046675
168.1666658362849,60864.422614923926
106.96088648764517,60864.42296777525
109.49252866712995,60864.42576008156
137.00941556011253,60864.42620255734
98.20203395952215,60864.42269454041
112.6393557752466,60864.42349252333
147.10430253632353,60864.426144177225
87.06444394014065,60864.421336084975
114.11473088207325,60864.424370427296
111.36810269745249,60864.42268002645
122.89901047425207,60864.424193069004
110.51928695414335,60864.421800743934
146.2807835788569,60864.42205754991
118.91397709365746,60864.425368108255
131.7775921284691,60864.43791456538
126.23057867328598,60864.42614554138
130.0668976158577,60864.42490948129
144.62670407333735,60864.4241945296
114.98679134663207,60864.42282670459
104.2775897312465,60864.423902712435
94.37281648992824,60864.42392772358
94.1922879668787,60864.42180967474
139.48118708295127,60864.426261287204
114.48020709965773,60864.42214706546
122.10603067666003,60864.42374170637
133.18215153040114,60864.4229648949
122.31248079852118,60864.42130378107
110.05775565535814,60864.425278239636
102.8386169730237,60864.4229644811
76.52206362436132,60864.42516908994
111.9722421228626,60864.422153304535
117.39326185684632,60864.425255120404
83.74624864878366,60864.43444399023
95.28820831886786,60864.42443795531
110.25141391630824,60864.423549725245
78.64201730513666,60864.427279666044
118.92637993925611,60864.42585337461
136.9587522479156,60864.42583132053
126.7923845329591,60864.424725592326
139.69286371257036,60864.42457805098
125.919321704415,60864.42500503451
120.91994440505947,60864.42364910191
118.2796820871008,60864.4246304181
140.9314616527549,60864.42578841569
142.03773256412612,60864.42354981096
127.78980628940288,60864.437710010716
133.0787426185001,60864.42731631457
108.97818115674026,60864.4251935893
135.13748930231674,60864.42297016191
119.08306659067229,60864.42153368037
116.6045180980559,60864.427516070864
97.63041808148093,60864.42626018151
102.3043319550974,60864.4255098385
178.65787754375188,60864.42338967639
79.49084336214136,60864.421814065034
153.03841091493476,60864.42440967781
128.22680533031954,60864.424708135455
92.92329310074926,60864.42414573407
180.73510221513962,60864.42315552239
165.59653538046967,60864.42556472963
102.90849912923723,60864.42309189688
146.37064289183863,60864.42439942851
99.48258662843007,60864.4243826127
111.43925299100609,60864.42423590153
113.02693889677572,60864.423964840804
115.13363661041025,60864.42598571895
147.83819894113097,60864.424249791315
119.09675484819812,60864.42447240085
132.4656017252366,60864.42441950666
91.88361112387364,60864.424778232235
75.86559222661604,60864.42314325165
116.47760253042685,60864.42173392654
105.78813296140338,60864.42436780467
120.57410660824155,60864.42292252623
76.34942511838545,60864.4256807204
117.18064942668897,60864.42289930719
122.65592688386091,60864.423185499625
123.85311371701621,60864.424745296135
104.5675472608879,60864.42641756315
117.21985173041037,60864.42628744421
81.69587224789166,60864.42283433399
97.3604705987817,60864.42433907823
87.84839206902208,60864.42565749948
82.45124775785982,60864.42154665322
157.17668334165788,60864.42342824393
125.22474064120598,60864.421982247775
105.69607232095885,60864.42282403776
119.62679964596998,60864.424131475855
86.4727877531978,60864.425586356934
137.80224102053702,60864.42453751167
61.290126729021786,60864.42384876607
99.36419354744352,60864.424072652924
93.73495808410436,60864.42387023484
106.24510714000499,60864.42393070669
106.60855537285377,60864.425879900504
145.05443181590346,60864.42347635405
112.09679357475773,60864.42329146512
128.49207584734128,60864.42644338795
116.30370060893453,60864.42579393545
148.8479429441702,60864.42390304312
137.4788897114425,60864.42411842809
143.01383163969507,60864.42410641122
88.0257258398985,60864.42580697524
108.24109563487816,60864.42312697469
153.4756545055403,60864.42418302554
96.91664538848272,60864.421765087376
124.8114164095594,60864.423674520076
110.82981620736363,60864.42272423253
111.6717207520922,60864.422179792615
139.8831632576749,60864.4277050015
84.16102190246585,60864.423508255066
92.57518812223572,60864.42264986879
144.67879312667137,60864.42227632813
131.94368630240493,60864.42479915486
73.39556311052361,60864.42332507334
134.6767962412348,60864.421185904284
93.85734035381628,60864.42295750603
84.43876533883187,60864.42567085836
125.29390532146176,60864.42244363578
91.32931083206351,60864.422270665185
114.69625484944008,60864.4239919068
139.92555741351038,60864.42495755663
124.1569769077101,60864.424738231726
97.5613159780769,60864.42637442164
110.3018062595162,60864.42378731593
69.40499626858283,60864.42321251357
111.35087512808038,60864.422081008874
144.09252173113322,60864.426021391315
127.11411926327119,60864.423270416075
95.33304886291799,60864.42628932695
81.15839018721057,60864.42396732174
127.94220581437087,60864.424959262935
164.14472834292837,60864.426898812715
106.97564416726094,60864.42622013263
97.23191430157921,60864.42323731677
109.79130747521882,60864.42462433778
156.23998192092193,60864.42281622127
82.22557375793917,60864.424776020554
97.38101603660256,60864.42272894619
99.40185465233367,60864.425244484686
101.75810244428257,60864.42225937111
131.52906482500717,60864.42519154706
105.31400309301183,60864.4264588405
151.6524238486452,60864.42450905537
95.91392332887646,60864.42481837578
126.1725684078303,60864.42522595552
113.25850525048948,60864.42348300164
134.8398903457762,60864.42197540941
85.15108375265612,60864.42417176613
92.6187933650942,60864.421297865585
106.97219897634146,60864.42594919559
91.40482547222648,60864.42739092356
82.92923011277354,60864.42540507118
143.7875433822496,60864.42234247522
148.7498666119522,60864.42166152447
142.08459693587818,60864.42264184753
97.58165555916968,60864.427137602484
107.60677952637153,60864.42165375855
119.4857207023689,60864.42524648503
99.76700247839752,60864.42405159533
88.97583133294322,60864.422837401486
88.03088613038796,60864.42533368452
140.7603322301462,60864.42427509976
43.25908438570047,60864.42302897421
111.6731081540152,60864.425497246826
111.42866965320367,60864.4239681891
91.43620227388477,60864.42428219105
112.3612505048417,60864.42299747559
150.38798202580298,60864.42122725473
139.88929079535643,60864.423600997085
129.9695904868328,60864.42455369721
110.80689646145052,60864.42445873934
116.7061269200356,60864.42507696133
147.6864657678981,60864.42261858076
172.45402258087805,60864.424918514764
118.32144681533015,60864.423876602836
147.23534359132543,60864.42171816254
69.51603725364339,60864.4207010089
133.822039272414,60864.4222203679
142.52548474106177,60864.425811641566
153.94515145345275,60864.4214328443
82.68776759642749,60864.42464403582
96.01625073154379,60864.421331580466
139.77789500018403,60864.42385482643
63.23236290247043,60864.42446486133
133.1819312987658,60864.42389672421
120.81667308814583,60864.42401852709
118.9566631638101,60864.42099299604
108.84388328704492,60864.42329321451
122.13427773811951,60864.42060024722
126.6883532056955,60864.421916402585
103.70472842115208,60864.424554167745
127.84305555273797,60864.42440352724
92.27211457877893,60864.425093808415
126.40164171611507,60864.422681841366
106.53282122164202,60864.425615739245
131.17261899325987,60864.4257698048
103.99111342977862,60864.425438197344
107.76759253884308,60864.420655423506
105.64648786366791,60864.42258971755
120.70310053374703,60864.424763940544
117.00369917169925,60864.42537041215
148.4872363442659,60864.426164314056
142.68749641804501,60864.426064941996
98.46082496202638,60864.42186751287
143.52763755155584,60864.42590698293
103.64684041289789,60864.42114392306
111.3197593125759,60864.424357327654
149.9571367088429,60864.424136319816
119.82157199823273,60864.421056534986
148.15347318451333,60864.424054551186
148.70319945863287,60864.43475108244
108.40746255112937,60864.42361688645
109.501159227955,60864.42491956853
121.40396382450726,60864.42346662928
99.52719172435549,60864.426741706484
100.2276446913008,60864.42196308736
132.53664880947196,60864.42381732811
115.63829012205589,60864.42559102739
52.029237489790084,60864.423418112514
124.26912282098327,60864.42480167232
128.0295900909586,60864.42799380499
109.33170428863164,60864.42218380667
140.41686205157214,60864.42465192281
110.3019402431848,60864.42314399666
133.91437338459255,60864.42404213881
76.58378583200187,60864.42406396484
68.78652290437034,60864.42385102887
131.41101036553346,60864.42501523988
90.8859768981204,60864.42650639147
103.11876500846161,60864.4265068289
127.77084825004066,60864.423348782795
107.10659529252689,60864.42489897371
141.24314533582566,60864.42002336844
94.259361342465,60864.42774495777
137.7816296819536,60864.42360990517
115.19855890380595,60864.42405306457
83.93972175761482,60864.42340598089
117.74905954350953,60864.4261016233
148.68253088906857,60864.42452285828
159.50643320364298,60864.42586012442
85.42087951414291,60864.42373351838
100.67039919631468,60864.42284196477
129.74431928149787,60864.42157883198
115.24718912670578,60864.426530164004
96.76941231635017,60864.42233327904
96.32122435794552,60864.42708286509
67.34449274201108,60864.4250711202
89.91278897652157,60864.42295542613
99.89013449344239,60864.42493955225
80.13461354087454,60864.42521075071
118.93014526105752,60864.427418546984
93.2550424182901,60864.42325732103
154.00617071808094,60864.42283234054
102.56300289894031,60864.42497241526
130.86179892909584,60864.423247759725
161.1640567957279,60864.42070619395
134.14940758304482,60864.42499394482
143.2897819884061,60864.42541034312
143.07321580885406,60864.423741430815
134.83077417242774,60864.425124125744
114.31079297099495,60864.42279661367
154.177740962812,60864.422447350364
101.17155073706856,60864.42340762654
114.69357656513543,60864.42618985212
133.06010143192168,60864.42478653485
94.4059473852999,60864.424932231275
124.19062101128812,60864.42416962161
139.1326752583244,60864.42388254066
137.8216803052885,60864.42328897249
127.50677978503441,60864.422605580316
122.26267692584463,60864.424185882184
123.7978424240712,60864.425379780885
116.19273896444146,60864.42471127916
83.36174506197214,60864.423159864775
103.5172443273666,60864.4346530243
130.1900591250991,60864.425535557704
138.3063836233691,60864.42496306227
144.94140378213277,60864.42435802853
87.86812537636875,60864.423405460606
119.45387155507787,60864.42549044626
117.7889583929634,60864.42505170185
118.35583511486574,60864.42473191719
106.82371918033482,60864.42641443609
134.65556300677616,60864.423695251826
91.26984309275338,60864.42261093593
96.04313779474231,60864.42243145935
108.28413652761562,60864.426111218316
122.99417615933632,60864.42453323845
152.81400775889261,60864.42559042641
104.6841929403559,60864.4254007072
113.19573565806007,60864.42228864672
99.01542604484084,60864.42444054387
78.88452205214192,60864.42094519664
80.15238654879225,60864.42570728826
122.12417817668856,60864.42443085913
106.05179147126447,60864.42448616939
101.88037592438515,60864.42338260138
121.03083548954427,60864.42490787147
108.73884144939954,60864.42324643603
111.58877327844051,60864.42458074604
131.0183138740694,60864.42123255283
87.54653335989667,60864.42155780876
145.93048840219382,60864.42686716476
102.32460563852828,60864.4236951373
105.38288693453363,60864.424629813024
109.80484403975773,60864.42545361717
122.43778554130044,60864.42370496896
116.5705026050356,60864.42644557687
111.73463143529963,60864.42500819382
113.52701413419278,60864.42420978416
131.10901222774635,60864.424757000896
125.3107254319851,60864.42552562709
152.64355394973117,60864.42428752593
100.15040190041975,60864.42196374273
110.76097063887742,60864.42415569411
93.32537536303867,60864.42712623761
107.45421318589436,60864.42473405316
82.53218445815173,60864.42336993893
118.28605578753573,60864.4244900264
90.80467637750169,60864.423408933006
148.36327771830483,60864.42291669399
122.87471194746423,60864.42684035323
132.31607589389563,60864.42301168927
115.37960347800976,60864.42317063388
125.28993580989317,60864.424905439635
120.94757513993302,60864.42571671049
102.30889021269434,60864.42266650635
120.99467809857946,60864.42461914715
97.56453353652401,60864.42449863769
140.86359448473402,60864.42642868379
127.82876680579136,60864.4213179645
114.21780565220186,60864.424056762866
125.56534699970261,60864.42167647388
128.5727175412261,60864.425332653984
87.28130021413794,60864.42338838733
134.10979044510748,60864.42247773553
109.55940427688266,60864.425731212345
134.51151860232835,60864.42587727369
107.72517073831371,60864.42609406416
92.17184316469957,60864.438107196
150.40069163693923,60864.43779113937
125.54425406334136,60864.421683172004
111.16927685057293,60864.42367849376
90.81646277448765,60864.42449815586
135.94108947699786,60864.42663341961
133.93616108405135,60864.42569812763
116.74068400000999,60864.42414506863
103.19166002019277,60864.42401652292
89.23649213806246,60864.424291937365
111.0349743210724,60864.422370219596
145.5918767487579,60864.425403078545
80.28063256317581,60864.42325519665
93.17393789083884,60864.424104044854
138.23716929397796,60864.42183218461
113.24360338637335,60864.4240039092
105.11924378396589,60864.422980006675
107.42293016190503,60864.42522918702
68.28062666240888,60864.422877185
68.18401459098787,60864.42313358781
126.09318019975882,60864.422863039596
97.49153557900645,60864.4267225237
146.81701628661583,60864.42302565797
89.27940891382296,60864.421458166486
114.09879855147938,60864.42649871663
148.80376442735547,60864.425672067366
168.2411229807792,60864.426150748506
112.4150519862874,60864.42679851324
111.92661676922646,60864.42533934134
125.5930509699677,60864.425164745204
120.04063818837056,60864.42567375115
138.5732290652722,60864.42243785654
156.71143083075097,60864.42225768198
136.46816928368878,60864.434083678134
97.64261247929532,60864.42571412646
87.90812516083153,60864.42341913075
126.24970247562342,60864.422505047914
145.91225065803633,60864.423916210704
125.71991812553854,60864.422914111216
115.97760613049533,60864.426195706495
92.03018654523696,60864.4222936929
118.75935256856222,60864.42554212547
143.47455221390751,60864.424097785675
93.76006496431097,60864.42525568751
125.6425646339788,60864.42670462542
94.39815459914264,60864.42607524305
117.78055426539125,60864.42435110583
160.6622520185477,60864.42632065335
109.14445697327574,60864.42073388882
149.9420312473907,60864.422701439864
148.43570837560193,60864.42475245032
112.0792413851103,60864.42263524608
85.56861505816788,60864.424776482796
89.25704510677055,60864.423445076325
143.68025905531226,60864.422374910304
128.5635160729662,60864.423980343534
108.06917037917357,60864.422326166416
141.4031242562752,60864.42425737248
125.08335154821313,60864.42601401813
112.30545421178815,60864.42258558187
113.9628556930816,60864.42331490349
104.70862066910414,60864.422018487865
107.15872434812735,60864.42191779216
116.6464810074911,60864.4251915671
143.37973654014476,60864.423639675144
154.33375595888702,60864.42200215446
139.24836017440123,60864.425769456364
128.04407389403693,60864.42464843991
115.53867327129785,60864.4244913153
108.99629648932881,60864.423202457765
114.1333167835749,60864.42241591562
110.99418873082395,60864.423045640055
94.14293978433547,60864.424135520654
96.56442799155701,60864.42447067713
109.25965334413219,60864.42312486872
80.56635362036623,60864.42519759928
97.19936649932168,60864.42505446039
84.98040098541551,60864.42435835551
101.78064016229017,60864.42384843799
127.63383201599022,60864.42183299094
168.61194091542293,60864.424125093305
107.24976421495192,60864.42332900674
143.47910471290825,60864.421949619566
109.44122771444832,60864.42303967969
111.90640260942473,60864.42776729064
117.6282145713025,60864.424407395636
102.5555790766794,60864.426935796684
131.52080518189445,60864.42815650968
75.23705217244651,60864.438691284
126.86162813377604,60864.42626572966
151.64030967666486,60864.42288791278
109.28833571695473,60864.425999218474
117.210082174092,60864.42358946092
106.36762154254,60864.4246125284
106.3575323486324,60864.42243616038
131.65516206330392,60864.42680984591
140.70796126922625,60864.4230848601
95.80465504907728,60864.42356888398
136.67459523471013,60864.42510714166
136.9253046199571,60864.42191289377
129.42517649623016,60864.42379525822
125.16459932085773,60864.425419428415
73.9313567721988,60864.42100783454
142.39075174300916,60864.426774428415
101.7925424222724,60864.4215066696
141.13934275337772,60864.42352953703
146.95744574651027,60864.42287897857
131.86005193011792,60864.4246291029
68.56158590935783,60864.42374160657
109.29264080743482,60864.42413205807
114.07547071955692,60864.42376018486
107.80286942047995,60864.42581582657
125.2530234389223,60864.42038563433
79.80598619283342,60864.42640077028
118.82137341528458,60864.42479858859
133.04352805705884,60864.42475798188
119.03893422902253,60864.42397675507
90.30298884864335,60864.42436299891
117.76348234004661,60864.424623432235
123.25340217746476,60864.42445591855
135.07170712283698,60864.42420915303
106.81575511991869,60864.42471919107
118.43075554243913,60864.424472765764
106.01091415293308,60864.42385878196
96.52684766355563,60864.422350510264
111.37665989529042,60864.4236110022
98.52877735389686,60864.426293555014
135.3845625802265,60864.42293695725
112.18284028258223,60864.42355392879
127.87783374252645,60864.42424030692
95.93300007468295,60864.42437912291
108.2874744458487,60864.42435358319
123.46818191912855,60864.423573560875
127.55654486190276,60864.42578937938
140.78692962009123,60864.42604354115
87.21444095549319,60864.42399079898
145.30136094904918,60864.42374452071
101.14948541947416,60864.4222660524
135.7433820234988,60864.42460469523
96.54482843529077,60864.42308713055
155.36105470293487,60864.42390160284
119.45677810462948,60864.422790938974
125.75935851459894,60864.42432189451
103.50802264531733,60864.422416588895
127.91888174320957,60864.43580672463
128.3153980992677,60864.42139250106
135.29854692177466,60864.425379423104
81.93638032904475,60864.42191039008
123.86319406420361,60864.42387190959
136.59500990329013,60864.426045191285
125.22125282420085,60864.42501207643
127.22289493849554,60864.42608094818
132.1261265451532,60864.43590002595
53.408853229538565,60864.42332150366
85.43959250051576,60864.422204077244
97.55778471089772,60864.42343772293
94.15696594706687,60864.42383264151
116.78710329511358,60864.42307473838
139.30034169886048,60864.42504345205
127.09083488162572,60864.425558726645
88.04096952743276,60864.423668968964
111.48498281257797,60864.44080670777
137.0256702495237,60864.42477485781
104.62132166452844,60864.42577338097
158.31975511447828,60864.42268213571
119.51218563597273,60864.424608067064
91.53385352420096,60864.421224378195
129.3119098035893,60864.424638471806
139.70768135987177,60864.42459365755
111.738032384901,60864.42573628575
115.96041447126457,60864.42736152957
130.3438381891405,60864.42198654432
140.92115151533943,60864.42557572142
134.3755798056649,60864.422981489064
162.42659316533224,60864.424624951236
111.13447312181546,60864.42379558315
160.99166177534735,60864.42600536895
125.62800647835583,60864.42415602416
116.89664716210105,60864.42513589773
98.63840847529931,60864.42416066319
120.7071414287729,60864.426583239045
111.0337224615353,60864.42327361859
127.64008451033774,60864.42546487198
144.65225533592908,60864.42301242258
153.17183527453886,60864.422802029876
166.8642224240173,60864.42318085945
96.71851837263542,60864.42496601976
146.5966893777752,60864.42429654078
108.79742952258904,60864.42568725138
151.11808439117638,60864.42281262632
137.57298763156237,60864.424787990945
130.63848848497085,60864.422095853915
158.4147361265177,60864.42272321802
93.20320723978178,60864.42430051831
185.5069356396137,60864.42572639813
133.2629674043114,60864.42371843994
125.15847221527719,60864.42548973985
147.6768522026556,60864.426154605804
85.36056211315007,60864.42479903134
131.43702651443752,60864.42398841756
125.34476255276296,60864.43751818933
115.66397918503354,60864.423591037805
141.70698643603404,60864.42392015207
135.81936981923758,60864.42782368806
78.88246319894449,60864.42646470636
114.87380836837083,60864.42595134006
129.14221079727997,60864.42396193166
128.50665478548964,60864.423679734384
121.88960893433779,60864.42422770457
94.19074588942115,60864.42725194597
87.36384436910518,60864.42085892115
90.89945637104786,60864.42216816996
115.5615874486542,60864.4240195481
99.16297358675014,60864.42133553793
110.18677047777715,60864.42660791951
145.496892976726,60864.42540115031
113.35065301383506,60864.4350709071
103.4025353118233,60864.42404357972
90.22711132076657,60864.42586520293
112.34591440912703,60864.423671734956
135.59057342716127,60864.424428826314
106.17086719514124,60864.4248646157
129.83593783096828,60864.42505092487
74.44836014031003,60864.42235982089
105.40420337002465,60864.42351397986
129.1119334187766,60864.42508082046
138.47341162202005,60864.42348958827
113.20349169360661,60864.42341301707
157.60448335171867,60864.42432243372
137.62758119176667,60864.42637941297
129.67282023193346,60864.42598043273
109.99366927830415,60864.42669001168
98.66318685143654,60864.42402176234
96.84057419089105,60864.42093526505
98.9044904407161,60864.42621927379
106.60675312930886,60864.427251999805
97.5646626961248,60864.42754802542
118.28048979839528,60864.423188653076
84.04142079295644,60864.42417437427
125.28320956779442,60864.42478807866
122.07029294233242,60864.42318343788
109.05449027965786,60864.4227977376
126.65053248687241,60864.42449291203
139.45747611818672,60864.42525826486
118.32505471353291,60864.42329351081
106.21630299254895,60864.422175014544
111.77239443985337,60864.42566236509
120.66321149347749,60864.42605200217
80.94121321295994,60864.42412036876
123.98510091337354,60864.424014166536
132.71253919081664,60864.42364956876
117.63159692071493,60864.42335669981
93.9961695745955,60864.42360636995
117.15661620938016,60864.42629373823
137.94730591698698,60864.4234648638
117.16839393855889,60864.42658781052
138.26938727910957,60864.42538934901
112.78494535029813,60864.424379520264
158.73362619475503,60864.42636343451
134.9056298630857,60864.42325317528
84.6040581355956,60864.42667582181
118.23181736170322,60864.42392369961
123.05085256727796,60864.4248394396
118.42569618283471,60864.42019646658
114.76618040984707,60864.42249163394
100.50951876620533,60864.42267781053
132.77929998680222,60864.42661785717
144.3265973734758,60864.42620155673
118.60689157150702,60864.42367444769
151.85356088094227,60864.42460002426
143.07654004174066,60864.42450500774
85.36260496537625,60864.42496534891
96.56923191826117,60864.42361499677
110.15246541941544,60864.42454305756
104.99799411265263,60864.42300875724
113.72876425786382,60864.4252926661
79.00013531699055,60864.42399417346
119.74655443060857,60864.42194568638
125.50311598390662,60864.42415464982
111.56378814459391,60864.42701932273
161.83594505888703,60864.423663666144
141.11323296560042,60864.420732653045
102.26111231383253,60864.423323946416
101.82846189205615,60864.42265753343
74.87522827879438,60864.42478621751
125.57968469119956,60864.42483950509
123.51958474960242,60864.423404930974
136.44668127572123,60864.42317452446
130.06170730283046,60864.42065596122
85.58575669814653,60864.42261450296
136.11372462663775,60864.42070641317
132.3617255454291,60864.42293421778
88.18527411691205,60864.42408995889
123.66463486139119,60864.42564476838
105.88012517773824,60864.425922535185
91.33714196382006,60864.42551210737
105.70306832367947,60864.42316833581
129.50709541462336,60864.42675195039
143.14785990381696,60864.42652639353
110.24780558266933,60864.42352409436
95.24426624943047,60864.42564657056
136.2167145115323,60864.42402485605
128.00723999183543,60864.42521385186
92.93832611711834,60864.42412154917
132.02834419715285,60864.42611694793
143.6092389310216,60864.425385680384
84.8326185388373,60864.42415469381
147.91117772907106,60864.435637751245
144.99263620254516,60864.433721632864
140.08479599291206,60864.42569340246
116.16510197048804,60864.420861827726
109.11664625946288,60864.423947210686
111.41017362262973,60864.42395095847
153.22921140860373,60864.421230124695
130.87334456838653,60864.42569794753
132.79146670037855,60864.42355063609
117.44243448134318,60864.4252003342
112.16521560143725,60864.419715904245
89.27826478701115,60864.42452411328
143.034911882103,60864.422912474955
83.0777231609447,60864.42180514566
84.4717899086719,60864.423159180886
108.9464163258599,60864.42301703201
151.04932649893215,60864.42418975747
97.3015745944963,60864.434969436465
109.81084342110661,60864.421840579875
148.64310075527501,60864.42369440518
142.14898642552524,60864.422769083496
94.2627696139787,60864.42317202083
87.30106027613019,60864.42395612978
119.02052851236967,60864.42394404897
110.5064753144931,60864.42175152138
122.38835462987402,60864.42406665333
90.48021591690006,60864.42213763092
107.15579347141232,60864.42058957109
120.25232244111548,60864.42373577568
121.07203402481294,60864.426098539276
129.51720340092785,60864.42232986105
110.25634832849687,60864.42506233232
118.42713034997587,60864.42433512867
121.68420054361005,60864.424292962496
111.16653577600152,60864.423516780036
118.8313456369892,60864.42452031182
115.92521374920766,60864.42386414245
128.47110452193408,60864.422314635776
90.64070465532534,60864.42005258606
129.23557186482526,60864.42258535531
128.03332823013477,60864.425631432256
128.78109469191494,60864.42561133207
92.19478111544163,60864.422283712054
112.47204914380774,60864.42449898992
92.73882089442428,60864.423598270005
99.52618508880269,60864.42440274901
127.78744848731863,60864.42320786554
108.55787522956476,60864.42503844885
101.8659630555597,60864.42576727242
118.45590473100073,60864.42294165755
128.73836580050326,60864.42338286152
115.49300745162346,60864.42397463552
135.92081646894204,60864.424151467254
132.03860511731085,60864.42339188879
139.29766253335558,60864.42679977955
96.99829237302919,60864.42558363122
58.43546844231594,60864.42394031684
116.11824549364398,60864.423889451864
85.58199815979937,60864.42500386136
152.492497038945,60864.4246546152
111.90367503875088,60864.42518974257
135.22627546455286,60864.42473968984
128.16277100088993,60864.42301951389
132.96492829424574,60864.42684684157
96.67102348720009,60864.42533064491
112.92277701799448,60864.421828325445
118.71201225204905,60864.42262537772
135.19998189666197,60864.42556091918
106.68524862570311,60864.42576058947
110.88511809590322,60864.42410000074
138.78878130852314,60864.42358403662
89.36792388088176,60864.42362719356
131.8754139482463,60864.42609352625
139.9959095349012,60864.42535654821
91.01357675035779,60864.42413633782
171.66331273962584,60864.4254143629
87.86354352612068,60864.42430203739
148.10415438666487,60864.42188821394
155.15375895934898,60864.423413418655
93.16226856834041,60864.425155947654
89.72149229136818,60864.42353745169
155.46278065878985,60864.423751057584
102.08892247688846,60864.42887804376
130.60803538752396,60864.42442486637
129.99141560818381,60864.42328256309
87.12770431765252,60864.4250715658
113.85616356724223,60864.424601149185
145.49071097229944,60864.42361288462
127.52704214760382,60864.42286813769
150.96881564071901,60864.42688163469
113.02777349620932,60864.422809926924
105.05599573480396,60864.421914137136
135.4295010991703,60864.42294746439
101.58130889890512,60864.435581394435
107.15952760184506,60864.421835698835
169.0830576661408,60864.42624274782
110.73168067278448,60864.423430509465
134.01373617616937,60864.425389068325
119.1632686312792,60864.43614126517
114.48884621430277,60864.44747098777
100.54829719905808,60864.42647783267
137.109847762722,60864.42367258447
124.0628917197437,60864.42230440431
127.21416085132755,60864.42618799927
127.20735905985116,60864.423426315036
93.16053113561453,60864.43607751153
111.92870484745188,60864.4225844589
104.13528254238521,60864.4254863067
153.0805038547587,60864.424424417666
111.70006690711652,60864.421275280074
74.56344173645311,60864.42298839293
161.64831323527034,60864.42644607751
129.37119125660072,60864.42224086851
111.78783106649351,60864.42547948014
118.72041652849705,60864.42286490762
159.1886364304116,60864.42466751909
89.47783534940935,60864.42252600882
101.05277253164921,60864.42195907098
117.81848321278324,60864.42661295322
94.09475649257243,60864.42390662391
91.8924147134775,60864.42614677383
104.53541194161495,60864.425351934595
142.89161631946462,60864.42604378311
124.28278696662672,60864.42558213843
156.24197179206502,60864.42330471691
115.63281264875633,60864.42201041117
92.95491199188116,60864.42499446732
120.08314682862787,60864.4369538052
112.80788784860592,60864.42441928459
132.54423180694513,60864.42161863691
110.66480801818102,60864.4261201317
135.04934952689808,60864.42215691756
89.30516335663043,60864.42234444991
123.74084367373526,60864.422562497486
141.4620160707297,60864.42299666454
105.62530611414513,60864.426538890046
122.64978860487821,60864.42143686813
88.78958248144797,60864.42512364231
114.63377172050777,60864.42709072631
114.88012565869593,60864.42445664599
111.59165152260192,60864.42304637964
89.63456169317796,60864.423793398935
158.33300381494186,60864.42070749585
124.32713505280222,60864.42466861122
132.75700094102984,60864.42516224558
113.57222429419153,60864.42530319799
99.97266514074221,60864.42247447967
78.76363711882176,60864.42390392867
83.5929521382332,60864.42425909894
91.07215039320879,60864.42270765878
107.51699210121042,60864.42531317285
64.02170849770987,60864.42111078788
97.89497746847279,60864.42297788891
177.22915296510126,60864.428946700915
132.0268718046402,60864.4220583669
90.83681054805494,60864.425032562525
122.19254487550154,60864.4239313262
112.77935162234634,60864.420923410864
135.25396445870464,60864.42394617832
137.2813013580909,60864.425392594494
82.90347284651934,60864.422296104094
82.4039800926842,60864.423393521705
111.09856002573201,60864.42589387692
80.31788224274538,60864.42479202223
120.82315610962833,60864.42401451669
123.56760695182811,60864.42501915607
117.22470338703414,60864.42337749804
133.8447723770905,60864.42671217546
79.65131010883712,60864.42688638148
77.93288422910395,60864.425707195354
107.9583167164074,60864.42592949622
111.36204363955044,60864.42516109055
107.09781714686355,60864.4221276587
94.528692384002,60864.42213303133
113.31817257479807,60864.42094758702
91.66239718300443,60864.423789049695
70.12364786524849,60864.426009046205
89.70776781108245,60864.43518348681
139.28063194524103,60864.42660074272
92.91605420828577,60864.42318645176
103.07677866320604,60864.42533542734
126.79914441032021,60864.426623276006
82.71553844642365,60864.434454463626
114.44548135479921,60864.42495422268
145.28141790215292,60864.42223858108
140.24262688170353,60864.426289556024
112.39253006682212,60864.42392997175
126.29410482256742,60864.42188099962
110.04841097682603,60864.4255371623
76.282765666461,60864.42367309687
132.2551559170855,60864.42229189155
111.48904003890155,60864.42547456775
93.47844252579478,60864.423131612144
79.0909018561881,60864.43385701477
122.24917030463628,60864.42450171574
123.8462707302223,60864.42675257219
147.73994473243715,60864.42607389088
99.8666689623601,60864.426981324184
107.29816062290712,60864.42524223405
121.58120211300712,60864.42324878205
95.08201011914655,60864.42628356595
120.82674246219003,60864.42603956601
111.8481077922519,60864.42238420645
114.0113488414485,60864.4247654244
114.64154913705534,60864.42211617915
97.86427496779847,60864.423183578714
126.27770903972453,60864.42464653637
105.53280860307017,60864.42482323761
112.24991845889718,60864.42508661159
120.40757932368192,60864.43619097414
127.10447673526328,60864.42525413799
141.0970238419352,60864.42571858424
113.47294016241952,60864.42342855031
104.31160930600868,60864.42300180257
107.91999400883296,60864.42443153605
137.48498814201588,60864.423567339065
116.82166149291693,60864.4211054409
113.65342294000295,60864.42170819222
116.3167089015321,60864.422621547455
88.11511909228136,60864.426078745055
119.17982228750166,60864.4244393465
63.503444861254366,60864.422462871604
118.04832420422012,60864.42245393909
121.56266541857264,60864.42478296158
92.01617502756204,60864.42667230753
138.68166429792385,60864.422321283215
91.5102188994014,60864.4236105678
110.81464899513902,60864.423279386065
98.41231539765408,60864.424601402745
121.21491206946871,60864.42476249841
154.56328408550056,60864.42813399946
116.187982768202,60864.42529626751
107.24549694595692,60864.42476830077
89.87863765522684,60864.425499162906
101.99250816495957,60864.42448531295
142.37443555651765,60864.423871325685
106.9663235544377,60864.4269340569
81.17748730623347,60864.42088951679
120.04720021919651,60864.42443677272
85.99301868950242,60864.4379541917
85.17152062562295,60864.423944575414
214.13045620526077,60864.42534667427
137.66487986974994,60864.425143129694
113.1732640342199,60864.424516357656
114.60097782209753,60864.42230560603
84.67948987146941,60864.42475698197
99.49400075540542,60864.42567297219
139.96370480535998,60864.425208386456
141.52754076576136,60864.42576487862
149.42798327676826,60864.423536064874
145.21116595699337,60864.4243709401
107.89124794986006,60864.42250152042
131.96888609946322,60864.42467732149
173.93720142122692,60864.424147592596
101.69545905374332,60864.42224261255
80.76459485102238,60864.423104446025
108.06102335990242,60864.42262601456
107.18522479333286,60864.42695121444
81.74350890184928,60864.42053957075
107.53887568674007,60864.42372728516
113.40989243625957,60864.42490999579
114.41843963412438,60864.425565735015
129.59733981690871,60864.421125947076
118.2905681414728,60864.42266686923
143.28624784772853,60864.42373950703
122.32368198148208,60864.4235396254
130.1032328447757,60864.42190685483
119.00331996877986,60864.422746854754
121.47746682246944,60864.42162504728
123.45183452368532,60864.42385399473
130.28715085862603,60864.43574917842
121.96974367941952,60864.42300239015
113.65406169909404,60864.42219218123
123.06264346975013,60864.42559259047
87.1415727236754,60864.42293920579
146.43646045957468,60864.42437976148
82.06427657973443,60864.425327949255
139.8692992471569,60864.424993054796
97.12474586578286,60864.423349509096
119.12892061761687,60864.424532490826
119.89526214099403,60864.42642552747
125.52986285430204,60864.42557523523
142.42756259612452,60864.421221252596
109.13141825836414,60864.42161781797
127.88964216788392,60864.426069035486
96.75801578368517,60864.42449474212
77.83087903782432,60864.42204841223
164.44595437632847,60864.421891772654
120.89139714150735,60864.42107000152
125.2923177755503,60864.4244906017
111.32673242404458,60864.42449961581
125.40882649799838,60864.424627797496
135.13713871063555,60864.423726459696
102.12475542960725,60864.42545763083
87.59831136459788,60864.42387752907
129.70351407272022,60864.42520108251
73.62590292410182,60864.42123112465
115.67677277173061,60864.42163404344
140.54987751141815,60864.425146399226
139.29392550771848,60864.423819755364
101.52226259370683,60864.422222362104
124.63252948402149,60864.42491105218
120.26125900513723,60864.42421063571
126.1998544559046,60864.42039544874
130.95463676426957,60864.42278257539
112.897400629104,60864.426510077246
124.44941749010488,60864.424192252925
125.97523417071449,60864.42571939319
119.63397935761151,60864.423621820206
131.44904519703874,60864.423926815485
95.63642551123039,60864.42573688612
101.98351196211475,60864.4222521448
125.40109708162954,60864.42410506079
104.74909729606868,60864.42450224743
93.94947038199734,60864.4232718516
107.27474110906884,60864.42286916451
116.47827224178465,60864.42298539969
115.88819386741937,60864.426580017775
139.6176699264198,60864.422164338284
135.71148022037863,60864.42091744394
146.60214826873542,60864.43645806642
91.0760175256647,60864.42525876584
105.03148637667402,60864.425341878115
134.09228233989182,60864.42335754428
129.8186567777958,60864.42395975148
147.49647127336758,60864.42430825603
85.80013385309094,60864.42446059532
112.5643562223162,60864.42402606522
116.90931070559095,60864.42514264702
94.58718880470164,60864.42311823757
104.05956963534841,60864.422408541584
90.28528580492151,60864.424526981566
114.56012821797366,60864.422500617926
183.6525311726325,60864.42354556794
98.47700550864526,60864.423860760966
107.1249156535759,60864.42532017735
103.45677120444968,60864.423904199306
117.73618833722816,60864.42329130654
143.7885141592996,60864.425196983626
94.02992075906256,60864.42767340085
106.55525416326971,60864.42578209783
154.91989454968555,60864.43577354976
126.63172749960869,60864.423658281215
106.33195775573324,60864.42572690966
112.35330305651334,60864.42319585006
92.60629944060595,60864.42414137104
130.723491424288,60864.42589268719
141.5263487361596,60864.42264365189
125.3462675337641,60864.423089913216
99.9435677718718,60864.425239549484
106.30089645961108,60864.42598092774
109.33740148687086,60864.4242227261
79.2960954554472,60864.42721495099
104.32685159165321,60864.42214088527
127.66471911465497,60864.42611655638
122.59559291584321,60864.42250332409
122.80912717639261,60864.422374936454
127.99386730736101,60864.425748806054
138.268273594453,60864.42448702586
151.00278728832834,60864.42589639982
107.36412183118364,60864.423352501966
136.682901069001,60864.42253896906
111.77781247731795,60864.42479888136
87.61046140039208,60864.42536881408
126.70703107527237,60864.421149414695
152.1569615293316,60864.423560365
100.8537746139505,60864.42433140251
154.0326287829461,60864.42617095457
93.74016615835926,60864.42257062792
100.44179963495603,60864.42624501021
123.88221438465723,60864.42282149429
161.64111664603118,60864.42687334712
131.20177196832148,60864.42769339993
145.78961330909115,60864.423727832735
120.00448265363158,60864.425882264506
123.34781126173148,60864.425556786315
90.60970491890389,60864.4257340373
156.86140660742618,60864.422311074966
114.6302397641811,60864.42656544151
128.1396727126656,60864.42590522229
66.89429372295655,60864.42309413474
123.53211434820382,60864.427289896834
114.49775232351514,60864.42640296637
120.15297042725344,60864.42526044607
108.73619602823312,60864.425682962006
133.14939781881392,60864.42449518722
97.21394403577983,60864.42156776178
135.70619787254162,60864.421272507934
131.0192480576577,60864.423819909694
139.90697940165592,60864.42642687571
158.36104683896824,60864.424085933904
68.04839974796563,60864.422980419724
161.94777535358634,60864.4219902049
131.3059735474419,60864.42574591528
139.9137547318422,60864.42224640295
122.73017699475491,60864.422790066455
113.4584232143503,60864.42245356969
126.71716382418221,60864.421958338215
113.48621941198736,60864.422919733785
101.22689649688445,60864.42411020443
127.77814317237413,60864.42611232592
122.84135531496004,60864.42093069881
117.41701435530184,60864.434883271446
128.74360437605665,60864.42350568061
105.81141921048274,60864.42457219748
108.26917916805759,60864.42455259428
129.29438888279975,60864.42308599231
133.51342009558408,60864.4216321794
150.2415759480783,60864.42140738499
98.0269433975903,60864.425215116506
141.39293754607917,60864.42337713568
92.1924486152978,60864.42191954562
87.79746647243208,60864.43486678177
132.99378500287565,60864.421822173565
123.19747109586756,60864.42434415509
140.82910258841883,60864.42146180242
101.07466775403235,60864.42238304427
113.26565159622506,60864.42501499907
96.19194712051265,60864.422774382736
117.38548703883352,60864.42404846013
79.77321819156845,60864.42626557185
156.76194469430624,60864.424836995495
108.22542408752484,60864.42455109873
145.90024891302843,60864.42498020826
98.00344936852201,60864.4232541621
141.86725683135836,60864.42202710752
117.70848705685422,60864.42447270392
112.134349781706,60864.421485969724
95.0620378693401,60864.42528993851
99.07289269213364,60864.426459323404
94.47702111316924,60864.42227274897
135.0587775465343,60864.42603056625
153.95540785204517,60864.423706390764
149.45269201522265,60864.42463903103
111.29566022175575,60864.42500291255
163.20496829840772,60864.421890833044
138.9182202927199,60864.426064533756
110.51444979403865,60864.423372600766
113.54629375946209,60864.42429576813
93.96152361646269,60864.423253968205
151.83733530440003,60864.43935762534
106.34891050641788,60864.42388723515
118.1953823173266,60864.423891056
119.06280012623128,60864.42566476943
81.56716759034265,60864.423451047645
137.97818147853997,60864.42190976554
100.62853820808238,60864.422417025766
112.97795943036115,60864.423248700514
117.5779808725664,60864.42496809158
133.61545615740158,60864.424025199856
104.06550941480003,60864.42264783728
48.84357192400443,60864.424689504114
143.8603002447348,60864.42758564523
149.01081125867577,60864.422102515724
93.98880585845565,60864.424190411104
124.86820533973538,60864.42254877968
127.54931134566667,60864.42326803757
135.38349458027866,60864.423568254075
117.27159064565231,60864.42323688401
143.6037131171225,60864.42371542842
117.66521810373843,60864.42178978862
119.61196780658328,60864.42090310052
144.99668993010008,60864.423698040264
91.70107735729508,60864.426053063435
161.35473517674166,60864.42429324263
138.23219814559425,60864.42341072341
134.39574271877547,60864.423880877635
146.0544936092472,60864.42372267767
107.31622413145502,60864.42413015248
132.8378628922619,60864.425751444265
136.14984964272077,60864.42258251356
139.34150599403267,60864.42528648845
109.37782630148564,60864.42318742474
109.2602302460586,60864.42482996247
114.18381654013025,60864.426527561285
102.6420261490427,60864.42353580982
156.24133200290245,60864.42358164606
127.15392059424609,60864.42436878842
123.92319120088234,60864.42661765337
89.52726612239667,60864.42555655779
108.98501443655044,60864.42224248038
115.45063811808919,60864.42318772723
81.42253489659115,60864.42201379588
68.67078023054617,60864.424647457105
97.42317703981534,60864.425760796425
146.4822397180707,60864.4250618061
111.81884922440713,60864.42493853539
125.62052916578114,60864.42212371834
144.80491746433287,60864.42462056902
111.38922825214169,60864.42483375364
122.65777411920784,60864.425617208515
130.331006092595,60864.42350498356
89.08428441112892,60864.42208917094
136.86692584193642,60864.42348278307
138.31791699755894,60864.42201740793
150.90250794120348,60864.42269928839
98.18264705231977,60864.42091414331
136.9694540687715,60864.424889682625
100.81825225428582,60864.42430204228
133.17517298709996,60864.425548810534
102.66015076894696,60864.421405157744
124.13669581961653,60864.42272126863
117.10367718441888,60864.42350863832
118.54110127802619,60864.42052860804
105.26310772113932,60864.42383794791
89.13276823903549,60864.42530710484
118.81398516683353,60864.435281012135
132.53215711238414,60864.42506412725
95.15205879589887,60864.4251699993
159.25659299893638,60864.422712230495
87.33124489078608,60864.42306999494
116.08935701692508,60864.4220842397
136.86041853952037,60864.42551708541
128.27183401270102,60864.42195038356
120.27296380881813,60864.42245777576
133.91938902183293,60864.42450576652
126.59984050910036,60864.423905661955
157.18004672994348,60864.4230906533
80.0596280400524,60864.4232794668
99.02801242538062,60864.42297005007
142.6057847015557,60864.42338011014
70.81580334885898,60864.423032316925
108.69000258914112,60864.42502444376
89.14591877632633,60864.42361818848
93.34409844742497,60864.42384041128
124.83972389385451,60864.426066835644
113.13376764888737,60864.42277410581
142.64649152647138,60864.4263893081
110.5315314776313,60864.42461880139
100.63926248536828,60864.425323011856
147.09702980212188,60864.4250043848
116.73270541410416,60864.42537539119
104.2882677722303,60864.42148091075
95.13189747655798,60864.42692870966
83.2173211086711,60864.424567533286
109.25739860150495,60864.42351448238
151.84976392547574,60864.43582524408
156.9412263161054,60864.42152488369
112.96162822400292,60864.423196170465
101.01765866798085,60864.42144027224
110.76267213507724,60864.42336187907
102.77921376234282,60864.425293999826
132.54393031013277,60864.42520092195
97.58190536029039,60864.42455664114
110.31520920872741,60864.42453767094
148.7342827717627,60864.42543921291
130.3486516911556,60864.422522274464
109.27548427476403,60864.42458635917
126.24858044924848,60864.42451744625
139.0763934957629,60864.42481877289
108.91158962272,60864.42114172189
86.77210102355808,60864.425144655375
140.3367877961409,60864.42235441247
119.57437413270912,60864.42564031686
101.57971214702063,60864.426046658584
138.03861068524478,60864.42239206962
124.33955176053041,60864.42574891161
120.22912630358559,60864.42532115911
90.53103544185858,60864.426520724985
114.85404003524448,60864.42482729152
122.63099461788651,60864.43591270118
134.70652314766036,60864.42338448191
113.88617746389565,60864.42246561635
111.1389995041998,60864.423201510755
131.8878236757844,60864.4266377481
103.7991232351459,60864.4230851414
107.32477567582636,60864.42403559427
113.09020639822906,60864.4237009734
117.18944454909719,60864.42714149597
93.9645640174133,60864.42597928438
120.78560698696079,60864.42580585965
94.71801708742328,60864.4359743754
96.08872001367769,60864.424356507756
103.38498726937482,60864.425901095965
101.57038256691366,60864.42170858116
114.9215902378227,60864.42352892026
110.60452792468448,60864.42369472966
109.68931713136139,60864.4220950751
121.11120755402996,60864.42584647628
131.7607829417944,60864.423315571265
139.31996859523923,60864.42326893259
98.95622603065806,60864.424723187985
88.06303659157759,60864.424716312154
135.49691982419714,60864.42100697686
74.93159768652457,60864.42474739145
130.5218885543849,60864.424245893744
113.65525280620234,60864.4261937432
93.0424379407318,60864.42571971478
129.01739170185277,60864.42492012929
66.74751279815702,60864.421870154576
116.89442234489243,60864.4213215334
101.42819292337926,60864.423518714284
81.53976426917336,60864.424612102805
113.63903298338536,60864.42142253468
123.79951196736779,60864.42491066083
94.45143075234724,60864.42196255771
148.52951173842283,60864.424720002025
106.79542566858534,60864.42243712617
105.8589442921284,60864.43542506956
85.92946291357536,60864.42287338968
121.13798412790374,60864.42324765594
94.39112224371543,60864.42494452469
145.70621525199095,60864.424840121435
155.27629126339636,60864.42543337546
98.86907188638244,60864.426143598
113.71815971892691,60864.4240415459
142.2752863877605,60864.42239791715
127.07937089655671,60864.42406749707
97.38330531695726,60864.42329410949
124.93220088897019,60864.42416117445
154.79389009964422,60864.425077986154
146.64180685911327,60864.42527920397
122.2543096027743,60864.4247914571
111.02321532552716,60864.423668651216
119.9277883382706,60864.42128255442
106.85875287079294,60864.42237831963
126.99856537574114,60864.42450620869
116.41456969426083,60864.4262799193
118.3083791541534,60864.42295074535
98.88288427898263,60864.424927939384
117.21408036526574,60864.423024248055
170.9608050524484,60864.423828951934
95.10327540684389,60864.423443832915
152.89843865665856,60864.4242632358
141.12134613835386,60864.424584201595
141.4685326221448,60864.42605108354
70.76526805366859,60864.42521179137
90.80502759199793,60864.42576140504
116.46147603206857,60864.42243971399
78.5199390992113,60864.423223041
111.49555268101552,60864.42518376639
123.59462131426044,60864.42655919413
137.9386142630274,60864.42162437968
120.96712722411051,60864.42335131072
117.10807443861489,60864.4215786935
140.1187752479462,60864.42461115675
149.45657558124884,60864.433453545986
103.80273612093,60864.42412558801
94.41032491548162,60864.423799770804
120.41880991584148,60864.42475587469
147.0085285369332,60864.422706670106
118.08329112913128,60864.42737968354
115.55674705173861,60864.42330804724
109.5289642971648,60864.42173638353
157.27597962465546,60864.42385434558
129.49161239770092,60864.42677102496
168.96513351534583,60864.42449331182
143.43546226021743,60864.42468227706
168.46504962216582,60864.4241361852
84.6975243252085,60864.420951409134
146.07595975399022,60864.423022680814
108.9406815012351,60864.42497294136
160.644807072055,60864.42356640344
130.65342461533365,60864.42538764215
119.88946013841371,60864.42246391899
119.32307847174482,60864.423318205976
150.60667916366197,60864.423797904135
160.42793117219765,60864.42370258388
147.40382914227823,60864.425906183715
122.94301635944359,60864.422953322995
102.94600375409838,60864.426140524425
100.09378869000959,60864.42187477851
120.39638453261077,60864.420235594764
102.98443602962921,60864.42297637408
139.46159307614025,60864.42715446474
117.10014951151,60864.42298106945
135.45755818062963,60864.42429210699
97.22507183988768,60864.42568029183
117.193168234131,60864.4252701759
115.82115740635335,60864.434855586005
127.37995872669585,60864.42661587665
131.57827306491478,60864.423768018954
147.21810835584432,60864.42411916876
115.50376724819252,60864.42496053864
127.17305319260905,60864.42559892803
96.22461710717897,60864.42590162654
143.85102125050696,60864.42409721723
195.70337140455968,60864.42382670487
89.94957804300822,60864.423541040254
136.73368657618806,60864.426381272046
106.12606809052266,60864.42338314192
156.6810440900859,60864.42196451863
94.43247362496287,60864.42169894223
88.42309125644537,60864.42196009855
113.39214101407431,60864.4233451964
105.51466882712923,60864.423025830845
143.2467829017794,60864.42409981337
83.10683403685043,60864.42540514557
120.87185924599598,60864.42396759118
150.11292520194183,60864.424154224886
110.90443611118512,60864.42357578592
143.1601326895357,60864.42270596222
102.6256045440702,60864.42320963301
169.2983244488367,60864.425431566655
106.01720961231233,60864.4269230452
120.7202654599779,60864.42658529896
111.62338326462611,60864.423855231864
129.66607680708313,60864.42253939598
137.8329727017124,60864.425147443544
96.45795218381329,60864.4233456053
142.26755190673936,60864.43437015802
74.191637000148,60864.42478347268
123.5392282620709,60864.42302085058
115.54386692801285,60864.42369336007
136.02310171793016,60864.42256232011
129.5561856367976,60864.424077174765
56.85287831447776,60864.42432909062
131.09660157743974,60864.42260255093
137.298931996822,60864.42309364799
104.53665784949752,60864.423762206454
137.0349099123784,60864.42317154881
108.59369138156374,60864.42501050208
113.3875486088375,60864.42208324311
116.3657285253354,60864.42278118336
150.0262089763598,60864.42604703978
118.24868667097371,60864.421220139266
105.71274523652299,60864.42677954622
96.93110827922703,60864.42336712841
121.46946300679741,60864.42532552938
132.54028742941912,60864.42363076059
132.1584320802739,60864.423452326446
102.88968502386552,60864.42173908944
135.8330229235806,60864.42629129604
157.77073219344697,60864.42383525662
156.413251105462,60864.42374830357
85.07588062367948,60864.42654139291
139.39703624430476,60864.42190193224
156.7435925279583,60864.42347325145
151.1351113702605,60864.42117614215
124.83270132140626,60864.419822231735
106.47267273526134,60864.4254088195
139.08876058106145,60864.42567384812
93.28196620054011,60864.42596123407
155.88029975319623,60864.4228889734
78.30052245078477,60864.426861339605
127.47357665585795,60864.42319953645
94.72835136211039,60864.42539129731
130.65315135765212,60864.4237529716
133.12574354593568,60864.422084204685
110.84267707559609,60864.42458326758
97.5187354641468,60864.422516923536
83.33592504049408,60864.43413021928
125.5276568873517,60864.423926054085
137.91646004086874,60864.42227864902
106.86522527239426,60864.425314042644
99.13147280135603,60864.42152212028
104.28705451090656,60864.4247648941
112.04346080987807,60864.42516967521
102.45934268079861,60864.425325075485
106.73614690832662,60864.42574694874
140.57583211881678,60864.42391010007
143.5304627992315,60864.42318600597
78.96858516234451,60864.42649207889
103.3201688857413,60864.42421718823
147.78989355384363,60864.42094591198
123.01485372988907,60864.42383397633
95.49423095310163,60864.4235482281
135.1022557097022,60864.42395567308
114.8979428941799,60864.423678465144
119.53629810122773,60864.42591676357
133.3648569822254,60864.422362245336
105.07581270301164,60864.42661595701
137.4521022675477,60864.421125512345
109.87063461890565,60864.422873734824
93.61372675207983,60864.424180920396
142.40148135112915,60864.4243631303
129.9919326166395,60864.42357508201
138.65089424655397,60864.445791069564
152.804766899767,60864.42377462452
133.95594755449514,60864.42438996418
92.3302538871518,60864.424172114006
122.77462204034973,60864.42310636714
134.8475507904058,60864.4242738994
100.3194365831722,60864.42622965355
168.84554936320237,60864.42409254901
95.1628178217147,60864.4261248244
110.39524873061406,60864.422784173184
110.9734517832575,60864.423976264625
110.10850719898114,60864.42576426793
133.45486184374047,60864.42681734168
107.0643258522653,60864.42327427896
119.9987359790283,60864.427346299395
102.0608795109539,60864.42405947601
125.95702878144473,60864.426590786454
143.84684747808262,60864.42695083744
124.82054515251018,60864.425349472505
78.80082294858532,60864.42441167417
145.836423293291,60864.4259561196
79.51986464573284,60864.425202868064
161.3368427918951,60864.4251087434
126.09913485056003,60864.425271370834
100.84523270798636,60864.42339185233
105.07478061152241,60864.42293641759
141.5949056239146,60864.42210405242
117.6646271919743,60864.424941293735
122.61103354904246,60864.42386588685
105.90557019611089,60864.42663427191
115.42352859863328,60864.42476697887
151.43234871167758,60864.42374224502
108.50347545650024,60864.42465328354
113.89816585684338,60864.427016198635
105.38811379382805,60864.423451940864
141.39930463405625,60864.42400952403
136.61430157867684,60864.423606270124
115.55395324522053,60864.42426098836
98.10733339657494,60864.42320707509
79.7919866570906,60864.42101680478
96.26566067388947,60864.421835103574
157.3225632799677,60864.42654313165
171.74232406781903,60864.42527271167
151.51766421500693,60864.42140462682
166.46429296792468,60864.426687349
139.06786168092262,60864.42556900047
126.59052769348168,60864.422601269085
117.00687289107819,60864.42709247421
132.30515691637044,60864.42515019439
124.60938813827272,60864.42394319154
120.90145952645231,60864.422964411075
135.88178263276743,60864.42607700583
123.51714675791945,60864.42264873497
148.32607717155696,60864.42317051013
87.83925165565266,60864.42126742408
131.81437739899027,60864.4257371638
150.986746053855,60864.42589032879
131.3002854573806,60864.42236338052
139.08342423122068,60864.42420092072
129.7435433662998,60864.425118373336
146.14988566776546,60864.423362198395
106.02433748897761,60864.42208851416
140.66717524139816,60864.424176050255
88.85399709748314,60864.426673885304
131.89298424001333,60864.42145470838
126.13412661525183,60864.4223250728
101.88116575193266,60864.42491841687
133.23078226774555,60864.423349673765
103.21052065516612,60864.42455136893
124.9294249307776,60864.42466073526
47.64256699016943,60864.42035799248
94.742951850546,60864.42491093193
91.47285982374507,60864.424622676706
139.31789503886182,60864.42248689378
117.89373404157726,60864.43642327793
133.07944528630884,60864.42232104456
91.77891502035976,60864.42516744568
107.22302767001919,60864.42520380026
134.0781868142755,60864.42567952856
93.27500734999191,60864.42378815045
137.81552114532658,60864.42234838309
136.104613755609,60864.42282802589
127.6010377956659,60864.42650727407
119.21186049372731,60864.43406599349
113.09604405636438,60864.424889650414
118.53170072157518,60864.42363288338
86.62906296309569,60864.42330939779
87.96346581401085,60864.42407683327
111.33246121893416,60864.42259827415
110.93458073244865,60864.42509251982
141.24608419341416,60864.42417324043
82.13860491567503,60864.422931415706
118.58267654463943,60864.423244460304
137.1294256067287,60864.42269673679
70.90510492042384,60864.424228238815
78.73715296538036,60864.42481836713
101.93290525280827,60864.42316109091
106.29945739157588,60864.42355719069
118.76523633611315,60864.42321731971
138.222107452119,60864.42346935041
139.2994831804994,60864.42547832882
90.06825552191937,60864.4248281349
143.87107895760656,60864.42467848006
140.90833596706037,60864.42379257561
103.39872036182663,60864.4244555145
144.96223883005098,60864.42357728443
125.78819972081271,60864.42154076946
120.71547653108053,60864.42399476303
98.86141085856468,60864.424355608164
90.9227709182551,60864.424118794246
146.09703103034641,60864.42553257642
129.60210404151982,60864.423213059126
94.65857913991037,60864.426023726715
114.96329403770069,60864.42335756683
103.84746070397831,60864.42654170464
123.36372678931124,60864.42515362315
117.08858085404052,60864.433122537936
118.56305917245646,60864.421560097726
112.9459021160633,60864.42651289432
79.03906671793216,60864.42684961226
116.25126618576695,60864.424976241295
109.6337638335792,60864.4246581243
137.67111080612642,60864.42313174885
155.72802351466652,60864.42472385608
147.08020797979034,60864.4246096498
99.35432823553334,60864.4244036737
155.0023191838032,60864.4257577762
105.37339655250767,60864.42240299892
85.34963851642367,60864.42291855987
111.20779644999719,60864.42680372454
158.821666445821,60864.425025481345
132.53394381068134,60864.425976865685
147.69528175438475,60864.426316965444
94.88895660103152,60864.42415490245
109.3564475329458,60864.42272117389
107.62988049077939,60864.42525798543
140.4529795133365,60864.424363933904
74.27033574259526,60864.42149082422
94.79484941536204,60864.421494928
114.91553598159555,60864.42034157258
96.47994064453594,60864.425844843325
144.86196589174202,60864.42356242532
155.51898191285616,60864.42419832351
110.97518696504363,60864.42552804565
125.70311036106231,60864.4249006295
86.20389861927616,60864.42571994235
150.04204483315462,60864.42442364543
112.88194667935782,60864.423262794764
123.4057219067697,60864.42483037808
144.36583138017645,60864.42763677602
119.52948120730437,60864.425594658605
119.54010867604836,60864.43746098486
161.69261481242,60864.42449245147
110.64546994531362,60864.4243346009
110.55627017442781,60864.424792166275
97.09885166877346,60864.423201487836
92.08347801985859,60864.42137383602
89.84203131939873,60864.42326143127
88.67465235218383,60864.42469019906
78.87249347836625,60864.4227311364
122.61717583326273,60864.423315946784
99.43841660110768,60864.42368981567
135.80309519096977,60864.42551315776
129.20016383873485,60864.42226205761
99.8443089473307,60864.42621979455
90.53670992298568,60864.42362716199
131.99564506135653,60864.4233643695
116.87447398748802,60864.4248852033
138.0590202884498,60864.42414918396
104.16147948095292,60864.426488806974
138.23852987583803,60864.422739036614
143.69002561362606,60864.42457339628
109.4164166592069,60864.42393347908
141.79134165971908,60864.422522283705
161.61971120278469,60864.42428189194
114.79259075163645,60864.42564376806
116.92982624831552,60864.42352594446
114.86208302858576,60864.423269043386
111.80355520349214,60864.42539564382
139.91694942757258,60864.42298673099
121.53327501176908,60864.42147665941
98.66873501215116,60864.42186563691
92.2079286124438,60864.42719079549
119.33841736416782,60864.43265453978
112.37077872290139,60864.42345081373
122.27760378703763,60864.435159020904
88.21648224750676,60864.422996999834
131.0192118502906,60864.43242876488
124.44495858724669,60864.42476178048
135.64993885007047,60864.42067537808
114.1494614155043,60864.42198019282
141.06407428573806,60864.42322107911
118.57585304977803,60864.42298966392
133.60931234843935,60864.42635538806
110.10271753667655,60864.42377435272
126.35690328734113,60864.43413939572
115.3862807901769,60864.42400646878
107.88355452259422,60864.425680223234
119.39538583330426,60864.42473128656
108.48436071976711,60864.4267091544
100.13997426392766,60864.422547061455
147.09028276095478,60864.44757178587
134.4148390379308,60864.42554665807
83.0316516486871,60864.42336095769
124.27449526003493,60864.42557189947
127.23511750635096,60864.425467691544
95.56020678438638,60864.42285404736
91.63052769248121,60864.421668265306
95.24417827011874,60864.421265197736
84.55524374451001,60864.42364612756
150.2511011172695,60864.42358117975
115.6874671374681,60864.42238318989
110.53450159875385,60864.422365557206
94.17946598199289,60864.42458585777
116.185087974464,60864.42448082759
121.59806445532028,60864.42402031869
96.26450634841754,60864.42618807883
76.93534096214853,60864.42309445363
149.01719562018172,60864.424739339775
88.90502143699348,60864.42477510914
130.9078261776892,60864.42348712688
117.71777664825296,60864.425421707114
50.86763140944182,60864.424119970696
81.28400405239051,60864.42076640074
110.78090368714858,60864.42161693022
125.92207600924422,60864.422033280855
126.58058183337909,60864.42162202305
114.51623839635917,60864.423455260956
113.48756610518241,60864.42549959299
100.86372495498925,60864.42365020104
109.52528932358972,60864.422762319635
78.16617185928008,60864.42322817959
81.15337362580142,60864.42605509819
128.1355994340034,60864.4247989793
158.1416168239631,60864.42361165691
111.90031953363207,60864.42470124361
142.93082941034785,60864.42438007085
83.75998993911858,60864.42241294521
65.79292123508296,60864.423959359396
123.10401396318632,60864.42394954595
123.47434029850602,60864.424605876615
115.15520075365484,60864.42530468494
97.08657970397783,60864.42579463053
82.52164020738616,60864.42215359134
74.71228809192594,60864.42578207387
117.31296728391749,60864.422682644166
85.14390867851405,60864.42192223277
122.35565483002223,60864.42309422178
132.30574306172886,60864.42177971416
137.96643050176306,60864.4255628199
116.06725481454998,60864.424604898086
82.57686058234069,60864.42563240947
106.28456876150359,60864.423474450974
128.58692855629985,60864.42298607848
137.57504933215904,60864.423104148605
133.48559268886567,60864.42496814367
140.08550110037794,60864.42591249574
123.93784543596774,60864.42386071694
113.17058419659489,60864.42281499254
128.45611970353212,60864.42456527774
150.74519490291627,60864.42364232451
118.0857771176018,60864.426140660275
133.34338383611546,60864.42377594319
104.47064320225184,60864.424628242414
89.79553228029798,60864.424592547344
119.78362952601213,60864.427124810434
142.1262658559711,60864.42550449721
121.30519936343309,60864.42548587086
129.59413233386422,60864.424416848175
107.68039501279463,60864.425960109555
83.77700494205045,60864.421689901465
93.15780055845903,60864.42597726861
94.93127218783773,60864.42472288493
130.15366940502673,60864.421516298535
135.4648292582263,60864.42674893113
120.99382417539577,60864.42653825069
54.580347801334305,60864.42266173426
108.51529940398981,60864.42563390273
96.33255416258382,60864.4241857608
130.54333125564116,60864.42448739001
154.7498452314964,60864.4242249981
99.54975617292253,60864.4246336415
116.82825761421017,60864.42440607454
111.97195407058258,60864.42195940709
136.57803060213791,60864.42363993016
144.97257367617223,60864.42374565879
124.1555810672602,60864.42215068142
95.66688900130094,60864.42225302882
121.60264198482153,60864.420047194435
90.80557140423646,60864.42289436362
90.4189440805449,60864.42477599616
121.0932319375458,60864.43647364642
120.43157769423327,60864.42304363841
41.271869802206716,60864.421578650654
141.82855079277857,60864.425558729665
118.48107812743848,60864.424958971016
102.87629516241988,60864.42178205071
123.11442973255714,60864.42564359209
116.33603911040107,60864.425007109734
112.34456389558932,60864.42153622948
139.96189414342476,60864.424683991485
142.3905665879084,60864.42656421875
92.93513393575434,60864.4254174617
97.99454998077138,60864.424737162364
147.23266923627548,60864.42196407319
168.28405998081934,60864.421568877275
116.00241635076813,60864.4338699288
86.08727132479669,60864.422876000004
118.47209706302486,60864.4259289183
101.82715057506182,60864.42417462003
119.32046395265247,60864.42509423727
201.02657304168164,60864.42261627679
138.51603515151172,60864.423742365434
130.53816522855516,60864.41984088258
153.71292221843424,60864.425092319354
97.15832444002793,60864.42018388305
122.90687107391186,60864.42350137656
103.94599001330884,60864.42325803976
111.56057107916968,60864.42368298957
152.39304653693267,60864.421515431844
129.4565286288482,60864.42536894618
128.32315827376556,60864.42447538168
111.18793573719309,60864.42329726369
125.76746973079277,60864.423168864654
114.91284303847195,60864.4237268698
154.50709382374578,60864.427179612336
125.68009359397152,60864.424583999295
158.80035804919555,60864.42132684643
53.65753374560695,60864.42443101066
109.00874206918893,60864.424844492845
98.02497211070737,60864.43414699553
140.05113154162734,60864.42660210366
126.75789020917934,60864.425712219694
128.22763015550504,60864.42462531653
151.5479615993978,60864.42427699688
126.59986778970728,60864.42249945467
105.13080636377806,60864.42356616541
156.17382240936283,60864.42158172781
156.15758831950185,60864.42464421924
156.9372391704647,60864.42534019746
118.98571851929579,60864.421904681534
114.19721858853774,60864.42597420779
151.0696564985179,60864.42541398854
89.83464087049096,60864.422218340194
107.54608627212875,60864.42451541666
139.67322471558606,60864.42299489687
99.49278992803102,60864.42296767554
124.0582384836129,60864.424448999285
131.01400314273846,60864.425453071555
84.85415424963381,60864.42532625813
126.3390973726054,60864.422026916654
120.5195787429,60864.4238927055
124.75032839922727,60864.424633303934
88.9317101460328,60864.42632347007
116.12265484042088,60864.425268115956
112.75253330855783,60864.425139954175
124.51747871876373,60864.4238444165
144.95561198138262,60864.42415237205
130.15246827188002,60864.4260318155
149.24837127905153,60864.42293179895
115.05988779134766,60864.423539821684
130.64472108888512,60864.42474731863
119.42867243230637,60864.42666202789
107.45137728677298,60864.42444628216
119.27986861012708,60864.42666351783
156.06424739241987,60864.422785008544
109.54586783211548,60864.42350017778
142.56589919914322,60864.42204853354
107.48957171292736,60864.42183612967
117.94376434717107,60864.421917760046
96.42580607258857,60864.42407701593
88.2066630787364,60864.42226781587
95.13226391215433,60864.42438182437
148.4804095327131,60864.42265244189
109.07320894708339,60864.425379654975
130.61714390192734,60864.4247195016
140.42210397917074,60864.4235676263
132.19219186086102,60864.42439942964
122.81487398314596,60864.423082153306
113.6024107056491,60864.42525696401
111.88772239754056,60864.426144347584
119.58140912594648,60864.423740873164
81.92461356985845,60864.42343708065
119.76393106043369,60864.42283298853
88.84798575510504,60864.422294842974
75.829790044424,60864.42262802695
118.2426915353181,60864.42305371607
71.53823572781809,60864.424912729155
93.24742113539072,60864.42227820199
137.10148943812655,60864.42436196072
110.33717408348022,60864.42384104481
95.56267421681761,60864.424138479335
121.10929969199903,60864.42499431734
102.16474624447947,60864.42429276047
103.87579676773873,60864.42395914834
129.73676763368513,60864.421899162
134.0712000003444,60864.42361520643
145.56162983063078,60864.42462198965
128.17689640206362,60864.4243323426
87.07119323959155,60864.425836290386
108.74028121467248,60864.42255725146
85.19250082773283,60864.42281487138
128.2764366142287,60864.42444571593
88.34688286555884,60864.42432676312
94.09044873815641,60864.42454644609
126.28095224740419,60864.42170317134
97.74586531937116,60864.4226514414
101.35807290263496,60864.422444053445
97.18558985137659,60864.424220258465
109.44818345083158,60864.4236826129
112.92420352322549,60864.42350724808
108.40681986126357,60864.42415017726
106.55752992788176,60864.423530887696
116.21001760318582,60864.42371276376
115.84625615043623,60864.425556758666
128.18375947951495,60864.42420493947
137.08747582721116,60864.42177548822
128.33002674023993,60864.42329436209
105.9423908626098,60864.42323722901
131.49811429708555,60864.42295296867
140.00662020848256,60864.423519011696
160.6516560999904,60864.42362405792
95.76933365943165,60864.42551697355
130.47071852294633,60864.42512050819
120.49333100869457,60864.42354867456
145.49536797928306,60864.425179287035
133.16043219676607,60864.424838570616
111.92982294466657,60864.419175686424
112.4793027774075,60864.425909402016
104.14481161478282,60864.42473748848
120.47144906186736,60864.42162614023
97.39540624361027,60864.421316228065
131.4115846218558,60864.423971048964
113.75766471738413,60864.424169812504
134.19265151503495,60864.42379755748
92.7443794235311,60864.423613691986
92.64948383266282,60864.42085662911
116.70645866849989,60864.425499499564
99.39415958978599,60864.42186916044
140.70416692976346,60864.42320724955
140.87781791689375,60864.42297276369
97.76543896562164,60864.42307472116
108.59310535276364,60864.422997308386
129.59091971561776,60864.42299443243
133.1596815604184,60864.42669251406
90.3340325461878,60864.42563073389
137.8580224825883,60864.42489925975
44.41772119781014,60864.424859008854
113.85443174803335,60864.42120495583
94.47346853964272,60864.42379093701
109.29464461856344,60864.42271352845
138.6034597955486,60864.42672013271
136.26120785354962,60864.42467025863
120.67438216405145,60864.4345506374
110.33536034118423,60864.42400157899
146.26454436291115,60864.42417715228
138.93562321166766,60864.423699618616
117.84552151872326,60864.423567255406
118.13091090142608,60864.423864400625
121.07603372248774,60864.4236875555
129.0552594677973,60864.42316237515
92.54177842321293,60864.42189301518
98.33039603428729,60864.43394321447
111.73017994948235,60864.42321312018
121.93036157772335,60864.42395016793
103.25549718010022,60864.42445037786
124.35116419504428,60864.42312894502
160.99495427732728,60864.423195775875
124.67277698507002,60864.42499662679
121.45126816880467,60864.42584599333
126.8916534065546,60864.424104696154
124.77987849414342,60864.42325807467
111.53845505218248,60864.42497103011
128.81968188624057,60864.42038025555
114.49991500303938,60864.426326058136
95.34292497886958,60864.423654385595
108.42770458464246,60864.42651098239
133.66302480443815,60864.43484460977
123.7452872618269,60864.423348793076
121.35393335074174,60864.42189766976
123.96576022565299,60864.42163894117
113.52287615357397,60864.423374127095
189.6378852966674,60864.4232531944
125.46043477974406,60864.42346372615
141.02745838819948,60864.42612193238
79.52344597712877,60864.42362739231
99.56212495832872,60864.42148744033
114.99889099675477,60864.42391325579
84.23482164967537,60864.42360789759
125.31216736032461,60864.42500914299
91.26495122498135,60864.426846908646
111.72074144198344,60864.42433296084
121.17844197218139,60864.42556898622
139.14759393860066,60864.4257225806
112.85053678587823,60864.423800171535
134.39628897119476,60864.4261727323
112.72057176906915,60864.423940316745
118.85460784620841,60864.42485183963
139.4187693897326,60864.42709132537
143.96713912282536,60864.42222695757
94.8336549623319,60864.42573732742
105.79008297983982,60864.419654142504
120.36183997773959,60864.42573932024
134.32797019192176,60864.42326635504
118.45949689252885,60864.423442518084
120.32470869403238,60864.42173644005
123.20652913698319,60864.423257999304
146.33083218455508,60864.42728715993
157.8347098722288,60864.423575837696
126.51307776623185,60864.42466349066
118.68321549540555,60864.42324559101
80.7350552338917,60864.419265982935
88.8142437040423,60864.42416645743
117.48636352493669,60864.42176555242
75.12329712181214,60864.42485468622
125.41458531132878,60864.424798451015
125.56608156660181,60864.42560183344
92.76156741257236,60864.42260252817
127.18937764022867,60864.42324705119
112.53286730499481,60864.423879566464
142.91719902233555,60864.42344041197
80.60170624161884,60864.42182474384
89.89874416924995,60864.42452069922
107.43775124103743,60864.42417138793
110.75865522961115,60864.42296149129
103.18160375092549,60864.42615712317
109.3115617797276,60864.42484648696
142.89735384440593,60864.42558597915
114.11510501303212,60864.42192028042
133.83590697641833,60864.42311742655
91.53606282550037,60864.42323391444
114.93894098377507,60864.42590239811
168.76905729458875,60864.42649466998
98.26129874287726,60864.423500349265
84.16693526473898,60864.42607923841
128.2498617040515,60864.4223682703
108.2734333071776,60864.42553625277
130.25603440916396,60864.42283729697
142.32393757601074,60864.423379797314
111.53777008033383,60864.42395675178
154.66458017695732,60864.42450114344
152.77338122153012,60864.42561796874
79.35585459809255,60864.42146362197
121.19475575291379,60864.427408757954
148.04155297729645,60864.420552528354
119.88175470472606,60864.424291317504
113.52061247508567,60864.42421810859
130.01218915281453,60864.43669096061
72.96183069281929,60864.42689478854
128.82753073220778,60864.42275762948
117.5640092985287,60864.42232747225
119.53759143340265,60864.42348525148
95.19270672750962,60864.43697250929
134.08451979337676,60864.42378162399
115.55167581670382,60864.423016509376
79.63963736360894,60864.42263973856
108.25225076307775,60864.42510507764
131.70344515153724,60864.424736933644
132.66785150663824,60864.422854621684
101.02753834995674,60864.422562141044
104.18405427172031,60864.42133964372
134.65690105008167,60864.42282597956
156.6959553287892,60864.424094621274
112.67476431455326,60864.424374990354
107.67256652622319,60864.42377394986
118.09632771514573,60864.422489534074
128.52902835699584,60864.424020477825
133.47491055997355,60864.42297767696
143.568814878394,60864.42226752208
177.05049532071055,60864.42582218729
116.34355909364908,60864.424853296245
119.3033820107874,60864.42546859048
116.47671016059034,60864.42245948634
111.35607634410303,60864.42298739604
100.82128435173617,60864.42319451498
149.18328097351116,60864.42216214408
130.08694599182414,60864.43562860979
122.06695539959748,60864.42356578029
98.1067274179936,60864.424043369945
100.21870125335813,60864.42247287177
134.6263229393284,60864.42453310807
110.174263777179,60864.423483241684
156.3147323238213,60864.42508275179
140.44606795281737,60864.42566533919
100.02111731121461,60864.42417601807
116.45399690652701,60864.42302459991
96.36544392621205,60864.42528115523
80.48476001640302,60864.42243689389
91.99358784968483,60864.425231549154
123.0123676857109,60864.42702184231
107.3204435534427,60864.42234667905
145.1229130593163,60864.4219193858
99.51741750538083,60864.435913930305
108.8707516838888,60864.42339065868
85.47282793916112,60864.42255903492
82.14916691803153,60864.42644123809
108.9255729580275,60864.42659482062
113.4489137148811,60864.42435441218
63.01762199029664,60864.42537028924
119.05731939012642,60864.42436846824
144.35429218719196,60864.42285907165
93.27824021725695,60864.42517844098
112.24057886830096,60864.42425986267
143.6515428330946,60864.42229444714
106.3295291898146,60864.42404615838
133.85323545986665,60864.422181955706
118.08498292219065,60864.42670768816
113.37215786694368,60864.42168999103
141.01672904166654,60864.425058102905
135.61592136418645,60864.42456562465
144.99808314553357,60864.426956339456
116.86294937426524,60864.42287222912
155.05070033670296,60864.42365501552
113.28305576887175,60864.42271678119
90.95669802219628,60864.422438840535
105.41716943392477,60864.425292908905
156.6852080140055,60864.425485614716
89.18091540967225,60864.42375678676
153.2339507870451,60864.42410344807
133.53039400242847,60864.42400804733
109.31627265716568,60864.42284703473
104.26793002560834,60864.4267687578
124.79684718464247,60864.420644195256
104.63986955796,60864.42243380004
102.85517007089155,60864.42163194681
116.19881538016541,60864.427284192905
127.76064039663747,60864.42446012477
133.38176065490438,60864.42473800651
120.00715731054707,60864.44583337847
116.55991878395076,60864.423945676484
131.99529169603397,60864.435630166336
101.93679534021358,60864.422667279636
68.69843498436495,60864.42568692758
153.21902834087294,60864.42504196862
97.89681962836679,60864.42308916847
139.75066630195954,60864.421011774815
133.63654237351344,60864.42177866137
99.12065975666847,60864.422788276075
107.1336239011522,60864.42285825781
139.47784117147364,60864.42506472613
92.54939715826232,60864.42334208641
97.86282874877503,60864.4226834836
123.65271180632804,60864.42519335957
131.92309935471684,60864.42271546499
95.25811461630553,60864.42753484199
148.45379811487723,60864.422545934234
113.57121708979071,60864.424808809126
140.81516982201066,60864.42404012056
96.77843500788855,60864.423269607876
98.65117037546636,60864.423639553555
126.5115953323528,60864.423450043025
83.67613839336542,60864.42519064788
94.38258740647792,60864.4216413424
102.16413686467057,60864.425113199715
132.85546930451292,60864.42539177318
126.21951058117679,60864.42566945925
101.20632121070948,60864.42621375934
116.69944975566762,60864.42495947343
124.70754609644551,60864.422433137035
121.35385559704808,60864.424270202064
128.41177985854372,60864.42559548226
121.3005966989767,60864.42525566098
94.13999335927214,60864.425283410805
116.99080671159112,60864.424525164955
98.04718239186965,60864.42417155768
110.5068366431066,60864.42260041414
147.41599887864487,60864.42596477666
99.96087351502662,60864.425458672995
125.33627976396662,60864.42548492391
87.41863819307659,60864.43549290996
130.36909178160062,60864.42247053552
116.23607188622478,60864.42482592477
119.30293724064046,60864.425445607485
118.17121916109501,60864.42293384119
124.0333833838839,60864.42306208579
134.54582306605317,60864.42356232017
151.95890075912567,60864.42194211811
117.30949367294602,60864.42565739176
72.185838821941,60864.42357277563
124.03034328227447,60864.42539678567
92.72034694185088,60864.42320611951
152.52574062294633,60864.42256610602
169.69922781166477,60864.427950999474
144.5398642335768,60864.4255498139
141.2407129315267,60864.42273423761
104.01000183282486,60864.42227692745
114.23158346266165,60864.42569843915
118.72624240818071,60864.42522587586
104.68894409642047,60864.43471922798
56.87424654611288,60864.42392298743
135.53884212155583,60864.42302883418
76.09230677040716,60864.42531025464
81.49664224993508,60864.42171789171
126.07910289482884,60864.42306639714
100.07567954918653,60864.42512072122
119.55714360448574,60864.42504609406
142.8547087002514,60864.42234233573
131.98075376888903,60864.42299393844
89.78173425996391,60864.42363187027
117.46625865478556,60864.425021961164
104.03933131085188,60864.42538316106
102.83901245668558,60864.42099102039
135.238051430528,60864.422007548776
92.78187235235505,60864.42225345336
95.61993322161987,60864.423839634685
135.62857383180875,60864.425015073204
109.09901716178437,60864.42361244724
147.3771317080568,60864.4224875059
88.48151222691337,60864.42743277947
110.94658293358314,60864.422133773616
135.04037319304868,60864.421996226076
68.37287364800132,60864.42462913751
122.06419885386313,60864.42413783483
137.58223031703582,60864.426157604554
96.05613977281806,60864.42304906239
64.30120621551808,60864.420925137936
120.63000346275064,60864.425667341275
135.96014739786298,60864.42526545966
93.88867029648605,60864.422711850784
96.75108726547295,60864.42416212107
112.25850431225011,60864.42422582728
138.2229323283665,60864.421338629945
99.6360251759622,60864.42521416146
141.86573372856844,60864.42263939233
136.18977481511632,60864.42392093572
126.22246515010718,60864.4246916257
102.08807661066835,60864.42220429772
145.97367741019698,60864.42271269535
147.17025067656553,60864.42327712836
115.32599793153045,60864.42423251862
77.37947665044696,60864.42218448766
100.86938669638717,60864.42439354846
137.89605829644972,60864.42160547099
107.03781064260329,60864.44749784654
163.29853458182413,60864.42231818233
116.79692445395989,60864.422191221194
136.5521187408364,60864.4267520238
106.94484486267987,60864.422370486725
100.8935589496776,60864.44785895039
99.23777433364481,60864.42218596739
120.25334169917802,60864.42500533525
115.76811441422201,60864.42367978551
117.98323728514252,60864.422558212806
129.62801443560784,60864.422938484204
88.76920832388528,60864.42603526486
107.15665073164716,60864.42351563887
148.41522786892008,60864.426112552894
125.52273151282702,60864.42657124493
122.42436590571772,60864.4241776029
121.71726197186948,60864.42242067707
77.43463971027667,60864.42421988478
139.6560905219575,60864.42329572305
108.07024128369167,60864.4237060641
138.11680683731862,60864.42379332866
100.1028859701628,60864.42462338061
118.95590894037063,60864.42389340014
76.52555647618173,60864.42186069093
112.24101056978024,60864.42441894853
104.04065038698238,60864.42505580633
133.1919263468703,60864.42409129232
82.3258352029516,60864.424498406
162.12237544939563,60864.425244146274
110.60016621174958,60864.42168633421
114.54855802494224,60864.42556299398
124.83067960092589,60864.4218445499
92.52555506738354,60864.42802109637
115.92722757746834,60864.42320809755
124.5564789969162,60864.42485609669
156.57325813127295,60864.422573179225
116.86770827155111,60864.427132360805
108.94818317724622,60864.422977182454
129.04813719629192,60864.42398788959
96.54005142521491,60864.42468706082
142.2890805888745,60864.42285574219
82.90619924311652,60864.42441168278
114.89368458857736,60864.42276080475
107.97456068773188,60864.423990562194
154.44759589078544,60864.42347160438
91.54164305463672,60864.42554621356
145.26529981298424,60864.42160998316
150.37911052504833,60864.425560400865
149.3901945816674,60864.424911676935
141.83885594052558,60864.422770995625
97.25807866987591,60864.42482725089
123.58119324952119,60864.42327846896
123.732887255175,60864.42483714364
128.43408412684616,60864.42433281179
111.77961357794348,60864.42165865941
116.36418874866114,60864.43634534612
118.39654522693647,60864.423770051486
139.98483100165583,60864.42553283874
104.52218911380476,60864.422315815165
105.05638219391749,60864.42387344464
124.34115211998673,60864.42457042758
80.71912550214148,60864.42221304108
131.11346962407265,60864.42371862234
142.40803493567998,60864.42604143319
144.01587964987883,60864.423606355725
121.93937656211389,60864.42293864336
147.33583351322304,60864.424499043984
129.95803197223862,60864.423303302
90.64557250917854,60864.4237881652
176.16816460243047,60864.42613359344
115.00103734376368,60864.42652755001
89.79526477978023,60864.42541971197
93.46104579463704,60864.423603687086
105.3927375753026,60864.422878267724
140.8531881062421,60864.42503381643
141.00107867267002,60864.42296513338
131.1786316964153,60864.425163748674
143.4615070437947,60864.42262222877
100.20161478835249,60864.42160719859
103.69563590443842,60864.42698913125
77.15244521912147,60864.423738436766
146.00001683902428,60864.42420628754
126.26604548949987,60864.42125143509
136.6714262363782,60864.424635133735
83.54195852678016,60864.422996660884
86.90585787065474,60864.42655821861
112.83151349664098,60864.42148055091
129.91289041399665,60864.42448095998
90.580162064709,60864.42571769102
117.55116976055822,60864.42292581862
101.81833455722614,60864.42417803132
131.8209255276869,60864.42481260536
138.59039295469813,60864.4224589081
91.79599376770308,60864.42356528104
105.87409441800595,60864.424930482084
76.43956968719309,60864.42161953762
136.33865191923246,60864.42455524925
127.50334304094987,60864.42344556406
146.68099811618396,60864.42381036617
84.99858926847149,60864.42582911263
104.08501771330846,60864.42232677468
113.55867048373108,60864.422984245284
118.06885364751578,60864.424264838526
111.50082357757736,60864.42409690476
101.01841725411767,60864.42621992042
115.43855270279238,60864.421003972624
116.03374883977304,60864.42287507997
134.07760841895487,60864.42459305341
127.08428410280133,60864.4245799707
124.80316778669477,60864.42385673862
110.070680601075,60864.43784648717
111.57399798276445,60864.425176630044
91.32339598355847,60864.426235237006
124.53554205901459,60864.42135760515
76.13117899715023,60864.42367410686
121.17775860765701,60864.42071796708
117.43447332032444,60864.424324384425
134.52737964204525,60864.42672051109
104.85491617857441,60864.42758479537
135.7026922622899,60864.42339782733
131.44782735152415,60864.42686040084
155.81594051330748,60864.42383171835
112.65401973249489,60864.42378305706
113.22242729040731,60864.423291088555
141.7469228256314,60864.42123593753
142.38678726659217,60864.42344319876
139.34896936083035,60864.42424810013
103.68705529112664,60864.42301115161
93.85496010632366,60864.4279501829
116.20446741008772,60864.426894534416
140.7801522664717,60864.42777840963
124.09730180267618,60864.42086128153
101.0080717264929,60864.424152135274
66.11989895741213,60864.4214098145
116.6493978410065,60864.434991304355
128.00179622243093,60864.42532577617
101.63746286377898,60864.42510141006
102.56667084979578,60864.42643705178
127.54080274890563,60864.42447947741
138.17814339896455,60864.42498075232
94.79587153735302,60864.42571091861
126.7169280960795,60864.42251262195
98.419514880081,60864.42309383083
128.62301025658348,60864.42405372439
148.20540933579352,60864.43493338899
144.5093289866156,60864.422468039586
89.71144856159471,60864.42350423791
134.00068649326502,60864.42300417995
94.25891096984857,60864.42672216119
115.87702615315234,60864.42177999109
136.33313611841172,60864.436456560776
87.5462467877551,60864.42290060177
99.23578169340264,60864.42603440788
146.5739657378821,60864.42612893764
116.52779118312873,60864.423879648944
151.56878267923753,60864.42509575619
135.5403027930916,60864.422928219145
129.36544248708034,60864.42570356989
119.8611656291607,60864.42287760095
158.53650526333527,60864.4239188149
133.95056355458323,60864.42179337976
104.91209552305521,60864.42189767124
112.02118956784828,60864.425512110625
140.80157820738566,60864.4234477401
123.30465508171714,60864.42626921273
153.12335927330452,60864.42417621094
120.5934070188771,60864.42160157554
124.42711832402517,60864.42423167803
48.322761622552804,60864.421725190245
132.84783726892354,60864.42306240387
145.7657622847064,60864.42709366924
99.96285059281881,60864.42454522437
75.22117473566885,60864.42414076053
105.24667150160843,60864.421499060205
85.19572872235906,60864.42236982483
125.26272589686863,60864.426018175654
88.63892214138241,60864.42730327548
150.57286591659096,60864.42461591629
121.07754497491906,60864.42215506976
100.35700260576976,60864.42431370752
75.47397322762924,60864.4246027086
88.29714822649929,60864.42399806553
149.3476585656241,60864.425860993135
144.8865173484839,60864.42184715138
123.81948690022988,60864.42319432223
94.10497739803043,60864.425390580094
97.81269701947947,60864.42453668697
159.1073307570656,60864.42243445946
121.73164686409253,60864.42184124339
151.50924944204323,60864.42329203962
133.84514523273373,60864.436591492326
133.55082214546513,60864.425056201864
128.82086524589516,60864.423617484426
101.05742228508579,60864.42302364237
84.43329106730816,60864.42361950656
114.20528205826677,60864.42433424306
109.27487255300746,60864.422539607825
49.630348052952776,60864.424804956805
110.84987892524559,60864.425900772156
143.5841372581887,60864.424405087346
115.70549218060805,60864.42229822489
113.54580408375288,60864.426032839816
122.3584589512161,60864.42231514871
117.77049859847253,60864.42316137137
124.52073037243176,60864.4247660467
115.76726392246944,60864.42477223076
138.00161687889815,60864.4233474898
87.61536889726653,60864.425641815156
90.31610548021865,60864.423297306384
127.67643621429599,60864.421356688654
86.7902463698624,60864.42151019602
145.96818389325583,60864.4255674699
95.82101477703709,60864.4235635645
145.28694819235534,60864.42575091946
116.75687110301007,60864.42468635014
124.51314505736188,60864.423566877755
149.08106013341657,60864.423155811804
157.96665568501888,60864.4227820787
116.13075602361295,60864.421260418836
120.9708666106553,60864.42281379938
152.1353956190209,60864.42511450124
85.43616638935136,60864.4234121228
110.83224694831203,60864.42285985697
141.49344825383182,60864.42707394213
122.23352061661966,60864.42611255872
105.27449251976647,60864.42285602877
146.94855579887366,60864.42127395506
102.76629824443891,60864.42585600218
157.75323538394437,60864.424335424475
101.79385197537762,60864.42433977161
110.02964458060869,60864.42330461074
110.78464611420213,60864.42190802648
82.22883980207997,60864.42121536605
104.5919367842985,60864.4240182977
131.8121779958081,60864.42514498269
126.95566422642202,60864.42117028956
133.6730581408004,60864.4236603282
100.92406276818056,60864.422730314625
131.3656660518846,60864.42320571755
114.65464918312365,60864.422889403926
94.4812249138347,60864.425044496704
80.8235001779227,60864.4242958498
111.72031826466836,60864.423994602636
99.04816604037093,60864.42633053622
135.85187407445895,60864.421339278444
108.02613010849898,60864.42190045218
84.70825502159899,60864.426359703204
113.50378792945646,60864.42462112946
147.28174253653114,60864.423638879554
88.11933950010614,60864.42419659374
93.24942294795332,60864.4236914635
103.68045212748464,60864.425196866454
122.58671737392878,60864.42297423553
138.47333752365907,60864.42525124543
90.60809869993287,60864.42229742687
121.84436552608932,60864.42408912223
141.10390845626176,60864.425851078675
124.30932957752762,60864.42246275486
133.11832657133078,60864.424199477486
115.53609121189783,60864.42339040505
121.6571237852648,60864.425040958464
120.87526122124791,60864.42599998302
126.93339941007807,60864.424707216516
130.62569349282452,60864.42395368249
112.10469131913882,60864.42329955097
139.80924734483253,60864.42340308165
108.4642685565184,60864.426266734605
125.96719576110559,60864.42219581627
118.10181521894864,60864.42291370124
125.53455145008476,60864.42239882223
110.09781897351951,60864.426315348355
138.39000036773737,60864.42468620603
122.25414946241727,60864.422154941145
155.6789332963548,60864.42366662559
89.38594849040452,60864.42549784498
137.4879133134601,60864.42247260359
108.13522061594372,60864.42375628658
127.96054244128295,60864.42325523136
111.3158265620038,60864.42324134846
124.13240654561642,60864.42394403388
126.81166251187561,60864.42805247848
119.21752021087164,60864.42611247414
103.7804328436745,60864.42504807491
89.31813179660668,60864.42247029079
108.26977948299817,60864.42394418516
105.1132430181778,60864.42464298058
143.51616698609914,60864.423803198064
81.78350177859885,60864.422231159064
85.02794189221613,60864.421892286206
65.4393638337875,60864.42490614208
94.39393970446565,60864.42334932172
110.84197681494219,60864.43537951137
132.9009992336151,60864.42250093531
113.45691352540182,60864.42168323669
132.038557138033,60864.421989148825
95.53455206140643,60864.423102908266
103.87398213166452,60864.424373583664
130.50514468523372,60864.423259847266
104.96859504483459,60864.42504261475
136.23630080112147,60864.42332388288
83.38907196423266,60864.42442884452
142.22306402510458,60864.42412229333
110.3900671621971,60864.42432413931
136.49688895758018,60864.42175880907
118.66773481605284,60864.423283778706
117.97344718248286,60864.42575840137
129.44225828151423,60864.42388860555
117.0848703259739,60864.42472995583
108.47131206386638,60864.42475314921
89.96059644009587,60864.42313252029
130.73219983541574,60864.4254936236
81.04877532818976,60864.42189261531
120.18010328649147,60864.422619519355
122.5210303720515,60864.425454888384
127.34244181133742,60864.423588345395
139.92136828506762,60864.4240048261
147.9171616437871,60864.43405049232
87.041961452544,60864.42312563455
122.58111539824732,60864.42714622326
141.56828768444703,60864.42488973577
86.52452605029242,60864.4239739505
125.90572168280319,60864.42372237986
142.99598071075255,60864.42282508177
103.43716662805764,60864.435346375445
123.0636141408379,60864.42508249679
82.42999578943036,60864.42178697077
91.87416267516295,60864.42367223722
77.67709335770861,60864.426770865844
102.24734139800704,60864.42337082423
94.36281898386056,60864.424396532166
123.8328286272887,60864.425562641074
157.82260145730203,60864.42221231698
133.99222130342022,60864.42382159429
97.08976837003672,60864.42456942869
100.449843863402,60864.42556892259
101.4375169695528,60864.42719868359
85.62427539545925,60864.42407398359
113.77890850506743,60864.42579680403
123.55142681824175,60864.42269562156
126.68106603803933,60864.42287346641
163.88315629366147,60864.4231117114
136.41590522189227,60864.424081311074
111.51936962266755,60864.42267933847
132.7947059985691,60864.42044898199
114.6438217497012,60864.42270202441
107.96069068716307,60864.4261264695
142.9093335796496,60864.4231353187
120.21271094414173,60864.42555812956
161.3162062114033,60864.425322082076
106.81326218964676,60864.42166633273
117.86578940736644,60864.421236097434
137.11058810508072,60864.42359343699
156.83534317161028,60864.4243154637
136.82089199837327,60864.426577164064
124.9122917049456,60864.421455096126
129.05963202050407,60864.422915790004
147.60370713121267,60864.42358430666
135.49806233634902,60864.424664260834
138.31061055714548,60864.42317370999
138.40857874943444,60864.42497074187
127.61544746970694,60864.42597250086
97.6540851416225,60864.424947458116
153.52390005435865,60864.422071218076
124.46381084520432,60864.42450966673
109.0614464720444,60864.42718206092
135.2198150504293,60864.425319059104
120.7439545691004,60864.43593995629
130.58619521113457,60864.42329877772
109.07642258130888,60864.42229996938
157.4907257708576,60864.42722070756
129.880991573931,60864.4210176119
158.09974774916665,60864.423100740285
125.06606007040529,60864.42599002142
120.21236637788968,60864.42621042421
103.11282986661024,60864.42447630013
146.2728758423366,60864.425825556005
138.59792306896568,60864.42565245206
171.77346673530508,60864.42331395309
148.28721005968006,60864.422403780714
142.84004031092525,60864.42232204691
98.96950130416108,60864.42625769591
143.14823253339935,60864.42345005953
85.85072120785445,60864.4216286542
101.38802709799202,60864.42377484683
114.7175974165041,60864.42541310886
88.91909321284501,60864.42573432513
87.01374065256702,60864.4228325989
62.403859229622626,60864.423205723455
121.78456095160148,60864.4255899297
120.51999444818956,60864.42494070105
136.39892557594823,60864.42373863908
111.53086653272676,60864.42273576891
120.41497421142839,60864.42022300406
153.3105759500272,60864.4259313296
104.86095474074432,60864.42204968141
94.44864216104109,60864.42177250361
101.19507003571803,60864.42268272932
124.73027633202126,60864.42331325024
129.5063598283807,60864.42287416594
116.69735438241027,60864.42383162427
141.0815613174669,60864.422882309
115.9925693948261,60864.42560012813
161.8151505564962,60864.4240779114
95.87544578679383,60864.425701181855
103.31756730790202,60864.425820208904
111.34121495348346,60864.42224417792
157.40864381894488,60864.42292729577
139.70220178938072,60864.42563979456
150.7137474676274,60864.42303312997
78.44179693584404,60864.42345049599
138.1876401482018,60864.42394963815
110.46624988244238,60864.421948841744
146.3856424953957,60864.42558745793
132.3439365536393,60864.42518381309
173.69949249446634,60864.4214507146
122.43046050413793,60864.42151501429
137.9401837802074,60864.42251415411
150.02989324945923,60864.42490236175
111.47386971212337,60864.43505259129
126.60288670407792,60864.4211184149
99.21620147775603,60864.42067649025
96.7789675295595,60864.424596520796
123.36029266075798,60864.42448592127
129.72954510740982,60864.42175716644
130.6610449941273,60864.42173868311
106.69780501445318,60864.42294159372
131.5048133678126,60864.42290565998
79.11869322266372,60864.42275331715
134.19994824632414,60864.42286287407
115.81854273324718,60864.42448044672
100.19959380153233,60864.42514666851
66.4147976852849,60864.42308132875
138.62730153786399,60864.42302878391
147.74025717396958,60864.42374414709
86.47670315525953,60864.4210009065
154.9322061035349,60864.424390810535
125.90639265573223,60864.42617955423
85.23020209037661,60864.42285248845
56.04946630582806,60864.42528030815
118.16363732818378,60864.42373721675
109.42904824369259,60864.425951429235
103.65305582371151,60864.421435606324
106.01022484874066,60864.42414660114
89.56693552902615,60864.42646697032
107.61213277698592,60864.43568780584
108.41584878792315,60864.423149109825
114.2107945750922,60864.42147529842
55.18458407686283,60864.42217685166
101.58584363183127,60864.42414707561
102.99643465607768,60864.42306873204
75.4324915177451,60864.42554755627
91.83328627143801,60864.4253809536
120.93123134023914,60864.42563413452
173.01822328812094,60864.422496245315
121.10604765473992,60864.422922361235
135.15975824822405,60864.424068218614
125.5776822456489,60864.42203090871
117.36690264509005,60864.42339125848
104.75646123560294,60864.42272006488
133.29660096715313,60864.42266904656
99.47716905743123,60864.42406134824
116.38072625789043,60864.42287176073
96.63221426730003,60864.42291793536
154.39185174306502,60864.42393991817
146.12830692552265,60864.422213863654
125.38241401707906,60864.42495468936
115.13444617879955,60864.423456641816
115.64417332401244,60864.42399930909
138.83750135449532,60864.424900158156
79.6212034319959,60864.422889364876
88.05235045082814,60864.42411078723
133.7009847663115,60864.426356444885
97.32532748750266,60864.42670912651
132.21244956583058,60864.42246321686
123.59144458350889,60864.42419257207
93.19813169746092,60864.42573978167
138.9453713978333,60864.42462669956
119.19013228986798,60864.424054225085
130.65488042785012,60864.42533129504
101.93662098701202,60864.42438391624
148.85991932507315,60864.423551482054
120.78070688848254,60864.42327155099
104.13763349171998,60864.4221225728
126.09410935174887,60864.42270863415
105.56299663142887,60864.42533202461
64.66100932090099,60864.42462974097
129.53339122282864,60864.421683265464
99.19867165133961,60864.424940032746
125.91168658203925,60864.42544201995
125.47577107200343,60864.42571563406
127.29652182270438,60864.42398268045
114.38332703913278,60864.42478225047
129.54477858551328,60864.42231117678
73.63212804706829,60864.42556015256
159.12420221050235,60864.42369805738
122.68327826256507,60864.42358950782
99.25278930291628,60864.42236562726
130.09671600366522,60864.42429402788
108.51772401118572,60864.425440800806
130.09300478410933,60864.42453970957
119.12494138151709,60864.42695802551
93.62083973351163,60864.43663305907
118.59836159305502,60864.422922293175
118.1904422177992,60864.423233726695
150.6509384082845,60864.42165573463
110.03289913650336,60864.42469848028
74.99437832128271,60864.42634740784
107.66185979875176,60864.4233413115
119.32012248496746,60864.422339226156
124.27099711224014,60864.42799941146
132.83830984272362,60864.42480111883
125.72954946464944,60864.42667759275
156.2654039592236,60864.42454885005
125.64877994598818,60864.42425586985
105.33289726048137,60864.422505935676
72.24147572677835,60864.42365186886
122.9432871653395,60864.424636287964
168.91607537830296,60864.424305589135
117.44024699531005,60864.425445293215
95.73953371831233,60864.42325587889
107.84812494472953,60864.42589500611
115.24559416135024,60864.42695709941
133.8349019219652,60864.42416657842
147.78471763284577,60864.424818776744
122.01677154371713,60864.42762515633
129.4334798241412,60864.425750852104
90.7657457597057,60864.424172200226
104.31170420574563,60864.422278326456
106.24805006463508,60864.42205896573
94.23380714371372,60864.422629765744
122.73208612643786,60864.42306488195
141.66231095542676,60864.424789971745
74.22665984008141,60864.42286288973
104.21557731032694,60864.42204045263
92.3494548615961,60864.423857813366
83.47475505670016,60864.426317422614
73.78362391108128,60864.425783446204
125.67973679393506,60864.4260855139
128.91516931319816,60864.42604166324
134.41498956328573,60864.42463655632
126.47029505186183,60864.42163992903
157.1622564041775,60864.42350949348
113.43888617566255,60864.422218373555
94.78411006846001,60864.424315091834
93.54437155452912,60864.42427519849
105.34865333320508,60864.42265980873
150.01852056512442,60864.423923537215
113.59236330488827,60864.42669341767
114.7209630955344,60864.42509841989
178.53714193611836,60864.42445308421
122.76097458512866,60864.424453230306
129.30813205757676,60864.42275588952
116.05404774419172,60864.42394992109
113.28597299718122,60864.42579625923
134.18305631695492,60864.42547257416
138.13030047207172,60864.42263766093
142.87912397249565,60864.42439620415
107.51522719261159,60864.42132167575
130.06385062038458,60864.42677488965
96.27523099786683,60864.42285612307
98.08113617189294,60864.42436228433
129.0089744444172,60864.424502462476
95.67362201487391,60864.425154217555
119.64166663788743,60864.42307793996
108.45639924283809,60864.424049278576
128.59857930680414,60864.42138646519
103.97880760380785,60864.421177143406
157.2444944769496,60864.42280459399
91.88842079331283,60864.42263765844
105.23818600394416,60864.42384287841
138.09370249877864,60864.42270313282
145.3575052244465,60864.42598154284
127.12629989088431,60864.42292283521
118.6952650771987,60864.4244708552
110.14427171275094,60864.42247978504
105.17668348632591,60864.42505468086
136.79439655544294,60864.42364931826
95.36666981523295,60864.42437621883
144.9056006795193,60864.4242172132
130.0747298057855,60864.42445491056
146.85101252370112,60864.4246882641
118.94689986850942,60864.424857240556
145.05463163610787,60864.42573593257
155.7844153772354,60864.423551918575
99.66282488633057,60864.42372939069
118.16638553495639,60864.42520984936
101.36917297191013,60864.42499902423
80.89112826127653,60864.42475001253
121.4662252436819,60864.42486392734
107.82223556499679,60864.42312590829
117.21320788961357,60864.423233935646
141.4085391232209,60864.42375018395
94.66593799342034,60864.420758049164
147.565103074247,60864.42654636351
84.33581862941301,60864.423292532476
84.03215009069795,60864.4214579619
119.09337579518127,60864.42247682388
134.3517919772955,60864.42229181198
149.50915633690553,60864.42222111911
93.93181431321814,60864.42531802246
125.65763544182191,60864.421415743855
157.49581691119423,60864.423047327495
137.4658951925087,60864.425745658315
114.44529702337644,60864.42421452837
123.64198492949475,60864.42319656452
160.04803625820432,60864.423230144115
101.32665456578987,60864.42406557142
99.1182209056456,60864.42506356885
165.00860964077316,60864.432971660965
111.21259831848761,60864.42507676344
85.70659820425357,60864.4241150328
111.42829258046265,60864.423614621795
131.42818113723735,60864.42017269261
94.08515080267584,60864.43552933388
103.25534225094101,60864.42492940391
86.4290505556539,60864.42310509715
123.01374338567986,60864.42549557851
145.71867437418777,60864.42620303081
131.00383146170995,60864.42248167809
114.29844024119906,60864.42403233218
112.69636653771849,60864.423522322235
110.67643277487686,60864.4252281117
116.9401338535396,60864.42474726735
123.88939220718393,60864.42392271454
144.6996805124055,60864.42225671741
103.20454021964423,60864.42334759399
124.23167338455077,60864.42659456859
107.32517080439324,60864.424826959556
157.86823685600191,60864.42523188466
136.83370821913988,60864.42229779646
138.2307943190477,60864.421941150424
125.85027347564176,60864.42410408639
92.67019498657942,60864.4252165803
123.3950032170597,60864.42473940553
136.97822600861932,60864.42318999392
126.33819320102721,60864.42483637327
119.54717421386756,60864.424980753734
119.0796332558787,60864.424918572215
160.76087352186724,60864.42384449981
136.810730142657,60864.42345307347
122.3269970689675,60864.42217275748
145.59581133453557,60864.426169066806
131.5963372815105,60864.42398578019
122.5041142073901,60864.42414684136
98.81857787297237,60864.42166628867
132.47819526036707,60864.42369254042
94.20199019659908,60864.42495958295
112.80725369236309,60864.42132299925
104.20559420502173,60864.424560294385
91.08639951793968,60864.4225956953
129.76487391967513,60864.42757291604
102.7664672898646,60864.42536697194
142.11465652619893,60864.42448717895
134.379977344161,60864.421509173306
129.90756738758535,60864.42468810901
113.00193768980678,60864.42535161647
114.75583093136956,60864.42519577024
138.3396335356602,60864.42188760423
95.09002932424812,60864.42473135467
137.4719171802672,60864.424436786016
114.61645302689942,60864.42210073533
111.53296595881923,60864.42834952981
100.05585516907354,60864.42468462492
129.80982649574543,60864.42413442451
46.11568523014529,60864.4241861485
101.43754651257636,60864.42256902541
129.5842142118751,60864.422863125925
112.04371048749519,60864.423662383815
134.49951385179224,60864.42288826144
125.39292610730504,60864.42269616523
116.5334087366996,60864.42172991532
129.68831056734294,60864.425791029105
127.61493780472023,60864.42562625138
158.03465552990977,60864.42534661318
125.88098368779691,60864.426934177456
118.61196539084388,60864.42257569711
149.76791883180482,60864.422603047526
145.07553444683685,60864.42154798214
83.35038553688183,60864.42488419506
123.12615321416988,60864.42415478948
86.62885919888343,60864.42234686253
115.77029885379295,60864.42601000041
149.92696649467132,60864.426192643055
172.32802297576973,60864.42294772239
109.90804516048765,60864.42272913053
120.45741146839109,60864.42490910725
138.1170571586687,60864.42275483202
118.35286543129999,60864.42525720233
131.12841592487828,60864.42372133361
103.88161692407928,60864.42173713971
115.27627891032398,60864.422472248116
91.16505381198719,60864.42316829347
99.80358476256629,60864.427267075494
135.5558220870882,60864.42550803755
120.42636188005075,60864.4249658592
128.33074544652493,60864.422705592966
78.04190744552491,60864.42256345718
118.87262363213219,60864.42273228251
128.75922726487767,60864.423847093356
92.68243646667776,60864.42343796909
130.61146221827298,60864.42488312532
125.14304416889836,60864.42528726462
105.56996951190555,60864.42179229706
131.4118599727083,60864.42492592062
153.02485547069583,60864.424398909556
107.26368160181359,60864.424070264235
148.4451129215921,60864.42262079168
111.78015089715174,60864.435760990855
147.55160297312418,60864.42507954078
120.91094026068315,60864.425747213776
156.50607232602573,60864.4244455275
135.3792809301777,60864.42430760265
164.38468515230213,60864.42487715591
138.74269842343523,60864.423196755335
126.24093313840599,60864.422433997956
125.06286592772842,60864.4234968441
98.09835371145009,60864.42348251571
74.47490846351667,60864.4244414352
102.50215138331026,60864.42447207802
79.31272828516806,60864.4265353203
118.03055624019046,60864.42130198155
84.67236093687116,60864.425225342195
141.19293077113812,60864.42242833079
134.66089796786454,60864.423045801086
116.26758052414318,60864.42540930261
149.82226706979498,60864.42411527262
104.72022056247668,60864.42491746688
81.79511905976165,60864.42085336923
102.27263511182805,60864.425102777604
87.71323499241177,60864.42443979665
135.2001022555057,60864.4235659144
121.37684210739097,60864.424759289155
143.471495208653,60864.42309193262
98.57328663525672,60864.423487797874
106.8496040847201,60864.42454279541
122.17792245518153,60864.44728104553
129.92262494803907,60864.422749470774
103.4021200476023,60864.42359970978
121.08699093339526,60864.42235100645
106.48905604291491,60864.42325051604
113.62781999481541,60864.4233441586
149.57112706179933,60864.422037091164
115.38506757588004,60864.42556492004
86.5302287235997,60864.425762247956
132.43983064440457,60864.42560913672
100.47797233702269,60864.42148166893
144.2008957284401,60864.42190640285
61.976349624935395,60864.42507787119
118.99918610820453,60864.42405246692
139.06532254509665,60864.4209137257
96.47998197156392,60864.4243622049
158.08997412095553,60864.42401263289
114.82988088465439,60864.42332852023
126.52418636115524,60864.42380601531
129.09270939294964,60864.42357932159
174.5359035326313,60864.424684699305
150.03463014134974,60864.426051448696
141.8649717253671,60864.42513334523
141.23275075791346,60864.42157891886
130.5880193666265,60864.42396406609
97.94497994178106,60864.423346825744
130.04608662013234,60864.42212943393
122.57918178009311,60864.42440203199
115.31421446008844,60864.42463428659
119.95227662579734,60864.42290462105
107.5139889745959,60864.421483716695
108.38761004531935,60864.425967427254
107.17124310775972,60864.4242906119
91.7502228083094,60864.42388763675
157.39293493299724,60864.42561112703
97.32358074407833,60864.4230877654
85.23559710677334,60864.423312485254
79.25392645494428,60864.4246960177
57.73597219167957,60864.423210056026
116.00900962259111,60864.42424559054
94.92084013968945,60864.426185695724
111.35738108292087,60864.42305187287
108.3429260690652,60864.424198432986
114.99112807286232,60864.424039368845
146.0794793573296,60864.425706414935
109.02798930141917,60864.4234901864
87.0423518094077,60864.423647784424
99.88208590609679,60864.422563557506
136.37579500317702,60864.42316305708
117.04563652220725,60864.4231970864
102.87298294436698,60864.424267693015
159.53878155497804,60864.424840570086
91.58652801773384,60864.42332810947
147.40852471273067,60864.42382533738
114.94118725987772,60864.4221347966
101.65011673878855,60864.42417924109
131.45700812027835,60864.42126903478
119.13686549502599,60864.425522861275
98.0859424145445,60864.42374767166
127.99915993890131,60864.42705282195
132.62519864353723,60864.42563923424
90.4132543252693,60864.423088361174
140.14060910585366,60864.42545211183
147.98112486287098,60864.42739583008
113.10400491472002,60864.42289848462
106.76195695840703,60864.421243735145
109.21324337347424,60864.42684537742
79.9584582669271,60864.425372121405
119.7329009733281,60864.421311875296
117.17845185669248,60864.42352587491
90.54743064764584,60864.422287356305
118.7529712278261,60864.42477595845
125.74108122676427,60864.42525219604
108.56543017631488,60864.42577811608
126.50301255164055,60864.42535844123
88.597249281688,60864.42411336098
101.80206941481379,60864.42519053076
86.66440729259422,60864.42193773927
106.7287453035795,60864.42370165597
97.38728968081656,60864.43458913109
86.07974615247122,60864.42120639543
85.64074639936631,60864.426120095384
112.99745012054709,60864.42610809109
153.4033408242559,60864.42395793553
139.98508874229992,60864.424952165966
113.16974288646206,60864.42306669623
108.02250462979286,60864.42106551833
119.33615823263753,60864.42567391359
111.32047775374689,60864.42315020813
121.34026148516966,60864.42796210459
113.48083613230456,60864.42480028458
127.36745228255562,60864.42626840366
100.48531998868333,60864.42222916806
118.28785760420577,60864.42447285031
134.8619476374177,60864.4231105415
112.45026729812656,60864.42574066112
114.21534076422624,60864.42469760064
125.64009387150253,60864.422217939486
155.80431958832853,60864.42207392211
98.67691505886613,60864.422481245645
126.25441560897053,60864.42422998458
118.99482865109638,60864.426189599486
133.9991871624401,60864.423190247
107.91937265917349,60864.42396629152
130.94118491962203,60864.4221388787
110.56146753543518,60864.424240741326
120.72106131937332,60864.42216398795
103.47304666566026,60864.42576631711
143.8050558231043,60864.423019527545
107.5269018299495,60864.423273998254
143.72299914924048,60864.42279166545
137.04925890035256,60864.423489114866
131.1643750534003,60864.42523735431
115.31609044329542,60864.425581988035
95.33397438102119,60864.42541283954
122.77037639754168,60864.4240121175
74.54868210079614,60864.43396313697
146.9094035803185,60864.421796161616
107.13040099418988,60864.423517829484
94.5579105787182,60864.42442918791
131.78633625212808,60864.42396314977
103.61620710638825,60864.42539246445
152.80551675266707,60864.42328969957
98.52276036264077,60864.422279645994
80.39417654015735,60864.42146606293
127.88597479644137,60864.42426597432
103.44235857879008,60864.42364011051
110.10235005496291,60864.42233100495
120.59408151151176,60864.4235786595
137.81456979587463,60864.4230909067
112.8890550662707,60864.423817298004
100.66673346252671,60864.42375394241
147.61156161663365,60864.42128040079
145.720241162755,60864.42434748555
88.6872494758155,60864.42498193642
149.1954368429297,60864.42376321249
144.23107172002526,60864.421565099794
124.67692306342428,60864.4244945705
107.05389889626548,60864.42343803822
92.72800631615193,60864.422030198366
91.43359881642334,60864.42353229908
142.24811503271306,60864.42678448742
113.18680266036961,60864.423653341604
140.53345901901292,60864.42385467073
96.84410638175136,60864.42392817267
122.48350913833892,60864.424639764904
137.3575633918306,60864.42349019054
116.00069496887065,60864.42500171811
123.31896491084979,60864.424321161336
144.18318072522175,60864.42757729401
154.9951057204931,60864.423314013184
148.363219397133,60864.437927562925
100.41136792732124,60864.42581336781
134.09030466822915,60864.437005449654
112.25216627670345,60864.42533888555
163.82862319284203,60864.422668623534
149.56128714065414,60864.42239943337
127.55215962003113,60864.42295047195
99.1193954298103,60864.42187198542
102.81567734670311,60864.42642201706
109.63989772451447,60864.424766392454
122.41591579790145,60864.42348931942
89.15612668454649,60864.423321584094
91.51139582670864,60864.42606257748
98.76139022029874,60864.42271934953
85.29478855550626,60864.42425334126
103.24862486905604,60864.42500362191
111.05638169482253,60864.42531932497
125.85418887206362,60864.42460103635
140.29854862807417,60864.423339479436
100.79867351942761,60864.42249760609
121.35990746183545,60864.42282567995
138.1254625685536,60864.42320572467
135.33416392213934,60864.42395748474
136.30242125024827,60864.42201068808
97.65394582273446,60864.42482071765
155.7112604785265,60864.42243029366
112.28861738382294,60864.42347733734
71.43229231312083,60864.422428074875
110.2017817433363,60864.42791756347
153.82807429314641,60864.42262043096
78.40888160238352,60864.42181944759
121.13254614964521,60864.422020671846
89.459555219056,60864.423121429565
135.95520859594671,60864.42562058217
104.66637548222238,60864.42411519765
113.09121852440288,60864.42578366227
92.28302757795097,60864.43669938752
109.20460121596253,60864.42686396587
113.05587751471349,60864.423837827584
138.51223804481532,60864.42595493417
124.8858991893619,60864.42246988632
120.92162078806152,60864.42337265929
111.65232238010834,60864.42584679849
85.86017747616724,60864.421709871785
129.79889780534353,60864.425096346036
80.36331739451772,60864.422306814806
129.15687654945054,60864.42604709641
121.27363359203027,60864.42528740162
133.14343764591834,60864.42382205997
117.59298085491267,60864.423160347986
114.85254087294588,60864.42648642646
97.81273010823014,60864.42306498117
96.00608553829703,60864.423553850116
143.45010354604022,60864.42320200889
92.24306541156943,60864.424833329635
109.42200820138063,60864.423390439915
120.74110927685811,60864.425214831186
108.70458150022704,60864.42513539769
105.24601496681434,60864.42472281927
126.97690254384936,60864.42284169689
115.42903892337445,60864.42648927943
100.68434081149456,60864.437663533514
112.07853546919952,60864.43503337822
137.3534886277704,60864.42486293595
106.2147464829424,60864.424507078074
146.31726069210072,60864.42353767638
106.53609988144713,60864.421920443354
111.85589358017378,60864.426615923665
104.96558050713321,60864.42299723616
107.14360964175206,60864.42571088614
102.15138230117581,60864.420449603116
125.66060168629255,60864.42405619251
107.00427088717618,60864.422584561864
114.60449070217818,60864.425525347615
109.26586613118283,60864.42586880641
89.13268852136635,60864.42348898391
114.2466658058885,60864.422812496836
81.2790402941061,60864.4270224407
83.85006199876925,60864.426047693705
165.47902984827388,60864.42499090218
145.88749891761586,60864.421339730805
120.40340068578641,60864.4251573887
122.6778739139675,60864.4220076422
148.51680132036992,60864.42261443641
153.93595202636374,60864.42462614556
147.55717236444653,60864.42238575806
119.34857363025301,60864.42346292376
116.83521518586274,60864.42360739552
109.5394059122992,60864.436406933906
129.95439619884579,60864.422640430246
101.76770101332421,60864.424179995745
83.91179046116805,60864.43581950767
96.4233209626586,60864.42540118692
132.60707397962366,60864.4241593328
116.58352569670988,60864.42097173432
88.68387175832821,60864.42208556122
116.53508643563455,60864.42648182214
136.037988277435,60864.425863983
144.01224561402736,60864.42322719001
111.4797292687009,60864.42237593602
145.41481216391,60864.42433787444
125.8985478731119,60864.42365186093
110.2629369851398,60864.42398244831
128.37429966926396,60864.42500379512
93.80817499780271,60864.423457104975
150.01668899951866,60864.42526386023
111.87436660452073,60864.42661317215
93.3272257663687,60864.42270738253
118.39585177039913,60864.42564557106
88.45466634212231,60864.42735067816
118.75881334890703,60864.42467399633
155.07194459810148,60864.42605311766
88.10345771080073,60864.42500608862
82.996071298358,60864.423459349724
107.12896075375647,60864.42425016722
87.62528548693756,60864.42288469488
97.27492877823717,60864.424865135436
123.27918238067359,60864.42556390599
94.30060686048961,60864.425430219555
123.10724146610326,60864.42388038505
148.76724909503884,60864.42395288684
100.45602645770605,60864.4225070516
120.76577570939965,60864.42233937735
86.76104279397401,60864.426576712605
74.56963128517289,60864.424514894374
104.13841918834841,60864.42415182491
82.45640830490521,60864.42131708311
86.3919038712285,60864.42336964263
101.70629906378954,60864.422779358116
140.6961631794008,60864.42629103035
115.01249739527795,60864.426305120076
145.32934195034466,60864.42307996575
95.08483609896604,60864.42436867752
95.43188399067978,60864.42556094947
124.799783233609,60864.42529792415
117.98651406758019,60864.42369806515
111.73190837265665,60864.42534181905
136.4195156401691,60864.42367017843
125.67106269141009,60864.42519376567
131.65254600650098,60864.424651339614
114.6377385760229,60864.42490913069
153.05289737880724,60864.423706000416
126.51363524610409,60864.42499976348
141.7489991128629,60864.42590978291
74.91059005983433,60864.42415615213
117.64525575125275,60864.42274093696
105.26548588075468,60864.424940893536
122.00500379328294,60864.42473379828
98.44705910860036,60864.42276396551
140.93098150608074,60864.42246390444
110.17926380843407,60864.42777889411
102.76187517779093,60864.42377762856
81.49521825443458,60864.42297043002
102.8236338377061,60864.437487217016
127.98305698970644,60864.42289589911
129.86574644649951,60864.42575828806
113.83213743618573,60864.424657631345
124.51952770721546,60864.42627147596
91.24820921872004,60864.423769701265
111.7085284068027,60864.42452288514
124.87985724347618,60864.42641039367
108.5891630717279,60864.422901146136
85.51599193431885,60864.42565453991
131.02757666658542,60864.42242603268
117.75790948533573,60864.42402232971
124.5911995881271,60864.42401598735
101.80705454781999,60864.421175523734
135.07682469399646,60864.426423207784
108.27699151343758,60864.425866048354
122.08889531292266,60864.424283574524
137.59908018534992,60864.423466235174
130.5788765884622,60864.42363472969
106.8029021345506,60864.42310284583
114.10976367638382,60864.42421087124
149.96442068168184,60864.42534340426
138.19455580588954,60864.4260160016
124.2604118547188,60864.42399499054
116.35522309599543,60864.423411973636
145.0027240961499,60864.42617844163
143.27267045407714,60864.423443426684
75.24136047768279,60864.4236625926
154.33769964818308,60864.424737808615
164.31680043230418,60864.424885955086
135.579771049579,60864.424455814355
82.77703810329021,60864.42141516684
97.74326173986101,60864.42356131301
115.01513031675277,60864.42444168005
116.67988563089207,60864.42224952495
97.61089036753637,60864.42292174709
130.4715355399885,60864.42195844566
133.17417405765912,60864.427561391465
122.26377732159122,60864.42341080083
102.004821567022,60864.425750442875
131.73642719704574,60864.42262554656
127.70477915377427,60864.42507805535
108.84834523542264,60864.426765644195
88.41056917611395,60864.425174677184
95.78949789716454,60864.423788466156
133.9172573215126,60864.42313424686
92.67200498807986,60864.424634600604
94.6141253167352,60864.423421348154
132.1814074621807,60864.42469922851
82.18456610116748,60864.42454386697
123.45598203061421,60864.4253561112
86.05730052207679,60864.423792070724
120.70285571600793,60864.42133602803
140.11150339733055,60864.42531184547
102.6325696253344,60864.42346274797
133.75496279376048,60864.424762695504
133.7216312811911,60864.42434100675
96.45806623177043,60864.425391266355
49.89055506975738,60864.426323360596
79.88877739672286,60864.42298059583
112.42935893283949,60864.42263493564
154.48745525094085,60864.42544360882
131.25893287765112,60864.422884935324
121.54329790743438,60864.425582784526
128.07275029416857,60864.42494653113
149.2097970004988,60864.4232136465
98.25696893565069,60864.42523566452
130.37635068434165,60864.42648544599
119.08663059150209,60864.4229570837
78.70547328334574,60864.424102816716
157.88190861605037,60864.42501475763
141.1806358817707,60864.422366659885
137.54209777964473,60864.42226277054
114.81617638224219,60864.42370618825
128.34582857927117,60864.423927995485
119.75970766697719,60864.42479849218
75.15194872678808,60864.42803470558
129.32939223647952,60864.421859760645
127.89418572182478,60864.42564191147
138.6223621647805,60864.423283858814
137.31723399086346,60864.423170915325
175.34572222450228,60864.43709717634
86.44402182243589,60864.423418829174
127.6656182653351,60864.42268415973
148.59619326862466,60864.42485673114
134.48059360920212,60864.42202209991
154.39089195594175,60864.42655618085
101.09893061931683,60864.434244273965
130.50888294959873,60864.42359858882
97.5648017543395,60864.425501538855
94.8965657761314,60864.42340676519
94.9683912293757,60864.42581031878
108.06412571572355,60864.42365498587
119.07266312510825,60864.42394552139
93.596466456031,60864.425814969596
116.82199671133316,60864.42525713393
120.12516524629504,60864.4218970837
145.6021530656418,60864.42432600259
95.05094785197313,60864.42612544708
108.96953998681236,60864.42365777423
125.47780483755021,60864.42528713038
93.01052722298473,60864.426008933115
115.58259813901644,60864.42335444038
126.31136655444263,60864.425399109336
125.23597868626624,60864.42421003585
99.0371498800631,60864.42261194077
121.88236761259543,60864.42605110253
136.31572976461044,60864.42634856103
105.23050434042209,60864.42230571378
115.88986149550719,60864.42594176987
113.56182254642711,60864.4225111617
92.55511538130992,60864.426208039826
52.87248002549989,60864.422522126515
138.1653887357285,60864.42519383521
104.27572206159805,60864.42724933741
129.80415207557877,60864.42319615915
117.24258582152594,60864.42465714598
146.86211691974827,60864.4231116956
100.87840543184802,60864.424801407855
141.5963540898109,60864.423552203654
102.12042577472204,60864.42546542155
151.16952717998547,60864.422537848644
124.63532898204153,60864.42253120968
124.71006993750132,60864.42624185614
148.01206912797895,60864.42535167294
119.71853256538647,60864.42251185545
136.76771773220082,60864.42537343077
141.82852900706925,60864.42335603471
112.30126314504597,60864.42212860534
93.81308732040695,60864.423145971625
142.7506081013288,60864.424051595466
161.16359695668442,60864.42237379643
113.73877343099413,60864.42238433807
128.4851726267077,60864.42668232154
111.6601524408695,60864.42414107027
120.60430149058901,60864.422636850366
102.4476902977505,60864.42535059726
109.93949582328753,60864.42438037789
114.56184623044237,60864.42330069275
144.6193056409341,60864.42350942678
91.1979255097782,60864.42223708061
135.26340441578984,60864.423480894264
92.63239284397234,60864.4239467747
97.11141867146242,60864.42545200153
131.24696179761943,60864.42417025481
78.2274330175306,60864.42693194845
136.90708090064993,60864.425266419676
121.64236890265063,60864.42206061686
141.2687653428714,60864.425407652576
134.5980601559666,60864.42561823375
141.2275619451567,60864.42549930828
88.52706927854967,60864.423071436664
151.1382704765369,60864.42555336118
141.96935763005578,60864.42661426232
107.2729569675323,60864.42416953594
135.1487333146305,60864.42412035842
164.33111241062448,60864.426728244194
115.02580494822796,60864.42230145061
154.82074393615332,60864.42239929065
170.32714580290263,60864.42440174339
112.6707739530566,60864.42235944878
136.47864878788172,60864.42669676813
113.42473326330725,60864.42242843809
118.26741492654249,60864.42216680233
131.83894732834008,60864.42633893108
101.39688638681774,60864.422545349946
101.10810035356617,60864.42463318745
112.44939131409059,60864.42496089824
111.07018838546459,60864.42553853735
126.25865435109398,60864.42762866521
104.65951682900702,60864.42162497306
115.48612152573729,60864.4240318462
91.55563095205332,60864.422034433075
113.5453247924966,60864.42311042282
120.63748129789423,60864.42349938038
118.74285119317211,60864.43603234644
110.98951163708375,60864.42314855372
130.24776928628242,60864.42481252508
106.7754654426246,60864.42409248367
90.53257926002624,60864.423113129764
103.41963020270975,60864.42419616077
132.40444784173005,60864.42221976634
103.95303594644434,60864.42469588827
141.9039520944785,60864.422505419825
102.23668409541884,60864.422062400045
117.29470278388234,60864.42612856921
112.20946681270179,60864.42335867401
159.4982818433496,60864.42505651493
78.82765671251057,60864.42312844423
118.54220656449665,60864.422595465345
99.36764016532209,60864.42523820022
110.89292136286781,60864.42439635098
97.03970400089676,60864.425799634526
126.4682505261425,60864.426113136826
116.75201950564909,60864.425952428974
92.91019353394395,60864.4247112192
114.27798485012559,60864.42374920191
112.82487717606126,60864.42484603004
118.6743493573516,60864.42189423309
146.04185812342655,60864.42355962638
120.4636851613783,60864.42274754391
108.45508105511959,60864.42541189194
165.60904284083995,60864.42127024897
123.43515956038053,60864.42244436974
130.7944984006682,60864.424390000684
116.32266780319301,60864.424989380204
99.94028995041458,60864.42305632572
101.08567886859522,60864.42192789745
145.93934280654892,60864.42219650576
96.00602493326454,60864.42395853068
132.07570709033988,60864.42208032982
138.691729597686,60864.42199996751
147.04048704055523,60864.42207583405
113.50197996273442,60864.42208245941
145.55763442919545,60864.42462945845
121.4894065377756,60864.42228373288
130.83443706346168,60864.42408574527
127.00569809721941,60864.42554801712
134.0393320286617,60864.42508987709
94.03893235688757,60864.42349946763
108.53537375257199,60864.42398314343
112.53130260774456,60864.42488204043
120.59218687042133,60864.42372541998
153.89268564584313,60864.42392695317
116.86272903700852,60864.42048469041
105.28589924989357,60864.42529541728
107.94180051132939,60864.425894470194
111.15623751055091,60864.43808404931
108.63926545744735,60864.42190419256
111.21433018593484,60864.424264487534
122.2800336628121,60864.42472469644
146.56224154548903,60864.42310603952
129.47517448986662,60864.42226653268
90.45556204884326,60864.42549398692
106.36390565170971,60864.42518520212
128.20252050546486,60864.426044885164
100.54619999831932,60864.42354021836
99.29627606481141,60864.42465737514
95.50287155448359,60864.42316864597
108.24558403561113,60864.42651172418
114.45903547887968,60864.42691888073
96.01941014396775,60864.42508220757
101.78730648809,60864.42575494958
146.83506438052927,60864.424725028424
156.294441270017,60864.42555438533
133.30243107484367,60864.42408766116
94.03150234425014,60864.42453726028
128.0989451139687,60864.42421826083
121.8502140233415,60864.423047966215
101.51400605690755,60864.43640461783
109.37936679214005,60864.42539930312
122.04573570894003,60864.42603662398
112.08249568106211,60864.42188258522
114.97325003522113,60864.42199377734
97.31408764647439,60864.43297466775
91.65601539341348,60864.436199396674
86.27936065233702,60864.424932819915
105.34912678538088,60864.42309041622
120.89404955686065,60864.42610108009
120.96363421408181,60864.42424740381
114.83931112775886,60864.42440849208
124.77177948910764,60864.42242814618
127.88540247451398,60864.42250461062
132.25710927513222,60864.424231886005
113.23739737257337,60864.4241761825
115.01500433998078,60864.42589093525
148.03791530718638,60864.42235222026
152.2736138265376,60864.42095538051
100.07027750637302,60864.42014462621
158.19262992743407,60864.42467457072
152.55132735924752,60864.422788786396
116.21514535949773,60864.42618400374
111.56149537431708,60864.42471183034
122.75541468229848,60864.42650381622
114.60018039232799,60864.42484263438
116.8086002687495,60864.4259777816
121.18818112563089,60864.423837244816
143.76374847387874,60864.42342919292
134.68969619765372,60864.43625683514
100.17613255885826,60864.422109530395
120.060534193509,60864.423756326345
79.37805560121242,60864.42663683328
111.55239463246316,60864.42454195268
104.49680546370064,60864.423008382415
95.42475548530581,60864.422750445876
112.7586226595276,60864.435251345334
116.18884991655086,60864.4264293771
151.61373141103866,60864.42302845193
124.92627967323197,60864.42707483114
102.48212916165146,60864.42286568266
160.9943905207117,60864.42713458306
73.73748361123698,60864.423082084155
114.37126743934121,60864.42350348262
133.6344771847755,60864.42654732959
109.57402100401504,60864.42549274732
128.41427424993643,60864.42435072004
77.59747086054824,60864.424039057696
145.8337103788529,60864.42618771536
135.88585752671557,60864.42592591752
149.2149574882714,60864.43579743029
110.46159672325524,60864.427696377585
137.32566340437018,60864.4229115151
123.8378678697772,60864.42641900695
138.7717158896855,60864.42497589622
103.19700388786453,60864.42337865963
104.43073969410558,60864.42563479607
139.71980208730514,60864.420184503506
118.97113171009778,60864.42438733794
130.07476782690915,60864.4226025753
119.30462597018334,60864.42410591835
130.96847448064554,60864.42510235428
161.8577429373193,60864.42460452907
79.32029893448279,60864.42198428863
122.49920557487107,60864.42396146491
99.24492778508049,60864.42468321867
95.94060761915532,60864.4217236016
102.97794905799772,60864.42257733402
113.037325954313,60864.42479696421
113.22139923537812,60864.42173625991
108.0178426437188,60864.42379263749
93.77298501992853,60864.425530907814
111.04243986072595,60864.424582396365
118.29477827705014,60864.42260753449
145.60446137157265,60864.4243308059
126.6207165698992,60864.42555616764
131.54132379661485,60864.423366812225
128.07773111424157,60864.425980279135
81.89451428125476,60864.42385877777
123.21417847096768,60864.42370755028
117.67613891496866,60864.42387025319
106.91552916497044,60864.424221042995
112.78675391292845,60864.42561665094
94.95695771940649,60864.42462417965
125.6241939527177,60864.42489215923
116.2931192553012,60864.422006433684
107.60181187242793,60864.425416228434
113.5725559447697,60864.420975286754
109.02200599253544,60864.42421635411
104.58880676880811,60864.42319326282
116.99640814882196,60864.421517407194
87.55524140583086,60864.425043021976
136.72729169685408,60864.4264971825
84.08094421567795,60864.4226818813
157.19250900796303,60864.42368296807
108.92555604039548,60864.42452204617
170.25482228487894,60864.42227350244
154.74846741125012,60864.425231486464
132.0373147218332,60864.42409624198
101.24830460142294,60864.42284117848
147.95114828541844,60864.42625044501
112.99245410484832,60864.42098809123
112.74978541178358,60864.422429219616
114.43759777970617,60864.42271968228
85.05397430827941,60864.42352307895
86.20949946083745,60864.42320889825
149.87777590847065,60864.422861855244
93.99233530752788,60864.42574517732
119.49776962795504,60864.425472537776
127.31545400048071,60864.435602940954
77.51597863043644,60864.422540217376
108.43960312487943,60864.42187059864
121.15380948577527,60864.4234511577
145.84104319909693,60864.42230416988
105.72324392129738,60864.4256643803
119.73572562455084,60864.42278208166
81.87937720206777,60864.42455447192
101.72364259916918,60864.42397055474
99.01099324085327,60864.42239231109
148.68058032973232,60864.42400226298
87.53273517449762,60864.42418726033
109.5450507062915,60864.425001666736
138.0847453317226,60864.42434105638
124.43762208834711,60864.425052715065
149.53129369692815,60864.42419359451
103.18220924319508,60864.423214589
123.03178259493225,60864.43407208859
103.21031635290278,60864.42199733904
127.8083877959605,60864.42589363598
166.5003845741861,60864.42303866527
141.64157087248833,60864.42282316456
106.58138761953657,60864.42571806755
82.60535494636606,60864.4253155019
113.91390104911677,60864.42547779714
114.3292293704587,60864.42176951465
161.85636061895036,60864.42406320538
128.9682115074419,60864.42366096775
105.50318803594905,60864.427088382414
82.82127781352786,60864.42304546226
84.92790439618126,60864.42365316615
180.1950431263518,60864.42353797728
116.01577906676303,60864.42438070172
114.76202808275923,60864.42349014474
114.29302501189566,60864.425030845865
118.39678154717222,60864.423789522545
128.35976973611352,60864.42339031445
104.97712308855564,60864.42175937842
117.67104636969898,60864.424068468405
130.4877704301885,60864.42267505793
138.5658476282436,60864.425343740884
122.11263143967587,60864.42322976334
126.34985782598318,60864.42528772331
87.00404883253411,60864.423827997925
133.10978702709693,60864.42460690873
136.17428872710676,60864.42742905278
153.53851658186989,60864.42300302616
111.00704811993904,60864.425363844006
107.12013166209779,60864.423703064276
112.97569520951487,60864.42596352552
104.06751739888894,60864.42445778288
128.25608542031728,60864.423617079156
119.96828308395915,60864.42332115609
108.33247617949115,60864.42720321925
106.86367698668937,60864.42344843904
116.29825128354388,60864.42656107195
118.2742287680203,60864.42238823408
104.96132686411636,60864.42423087205
121.24864998491066,60864.42374311886
81.73703445582548,60864.42454582501
134.49546068072058,60864.421420722145
69.65724832783364,60864.422260680614
120.61446024128084,60864.42383153598
124.47245356600041,60864.42394393667
128.45460448588952,60864.4228331924
80.85691189211617,60864.42526569169
121.99844479738023,60864.421657089544
127.43362442551373,60864.422172815015
134.04687223609997,60864.41997903003
88.53389032247095,60864.42584554853
98.816762663879,60864.423621791204
124.64467894205232,60864.425146248774
121.3760348362585,60864.42481814611
111.96064651864435,60864.42259265482
119.27772159166622,60864.42349868442
142.07298012550766,60864.425080437264
130.02700302007676,60864.42357331451
126.97093944761384,60864.42498253091
112.49975525940513,60864.420647523824
90.29132312808898,60864.42092269002
117.65458604572797,60864.42509024971
128.92062013563284,60864.425038800444
136.31200315264954,60864.42517672629
134.88338852982764,60864.42352691684
133.03131580800468,60864.422287975125
94.42401739745844,60864.42323382984
124.8745589075112,60864.43509481149
80.51617622429838,60864.42338046183
120.57439819433264,60864.42227649163
97.74164191313884,60864.4243272834
91.67106110229291,60864.42170585408
154.0075788683054,60864.42440093532
63.632105738475325,60864.42388159876
129.7916170870801,60864.42479176119
177.4613965037226,60864.42494435128
132.41591809987293,60864.42469663561
76.51783011672678,60864.42278642516
166.44353647806034,60864.422961471
103.34847650392699,60864.42463466119
154.86963269443214,60864.423131621814
120.21388104531269,60864.42647387389
124.41291264902002,60864.420756293686
82.58751683800216,60864.42378752237
126.91130744120878,60864.42417598012
122.88833981645998,60864.42539799228
71.39922483475806,60864.42392172863
135.33508946482885,60864.42558098153
136.3027939306431,60864.42647850549
132.9808627997028,60864.421772832546
125.11339757981959,60864.42398716233
115.93946527396842,60864.422900209625
112.60848478839209,60864.42248227703
81.62264459965965,60864.42386344706
110.34833130203495,60864.42363837309
84.43315437108261,60864.42664055114
122.80592501558287,60864.42177664261
142.97573993423617,60864.42826330296
114.06754826693874,60864.421885303884
109.81568400041793,60864.426310838055
113.87453362944476,60864.425068189244
142.68132546596524,60864.425592237
114.90321614927734,60864.42581553416
102.62304405896397,60864.424418102455
109.39238615804035,60864.42373662284
108.98241329498263,60864.426167850965
112.84223587464878,60864.427396952655
160.3610036234236,60864.42306327413
125.446762946268,60864.42389799484
66.89754841483033,60864.423204993494
124.47545729185049,60864.4369135493
108.93250434864827,60864.42534632892
121.63215281928477,60864.42093593254
148.21086542305216,60864.424827916584
114.59999192141773,60864.42553571482
95.9262046192337,60864.425935885585
136.78185738494284,60864.42321506845
88.56147313686391,60864.425567212726
123.54978601855363,60864.425236127005
127.72048142717458,60864.422362217505
109.3361341999888,60864.42102181572
84.7607417734038,60864.42612287095
93.5946342610364,60864.42536491854
97.92498932096534,60864.42613509255
127.39583903285131,60864.42341131987
96.17979685215064,60864.42557493872
122.3590111150959,60864.4209527581
98.8564243357385,60864.42205721455
147.83439522832387,60864.4235252368
128.91559963019944,60864.42539437413
127.75920400716953,60864.42816908549
152.19563384564373,60864.4213777694
150.94568336478207,60864.440352481564
144.11747439198436,60864.42309694861
117.39922975828551,60864.42193680167
89.5660197265552,60864.423221945784
129.1336924207665,60864.42649698854
136.5582217291083,60864.42668385095
102.20731635643288,60864.423222253936
78.81278822369772,60864.424742514326
129.59567593625815,60864.42383049028
96.89395289996114,60864.4230797527
126.2389958845961,60864.422890067275
88.12623699414797,60864.42664556415
121.25469232392373,60864.4255372822
99.57935326151834,60864.423928952434
154.13942613714156,60864.42313750456
130.33185154965443,60864.424980970216
130.23246495977367,60864.4221353462
148.63775053174868,60864.4242537514
93.96129997236622,60864.42447908518
97.87598907376581,60864.422585558146
123.8145928024561,60864.42327583158
129.98370301351824,60864.42648484956
125.006243741759,60864.4247797152
94.49625056013939,60864.42339719705
131.28344790035106,60864.42328184986
117.4385951062901,60864.42435376806
162.603580058043,60864.42454637521
133.13016595724528,60864.42607125698
77.69805652273767,60864.42660661045
134.68996028095876,60864.42460214703
139.5333389796446,60864.423810278095
95.98540416661916,60864.42253194951
139.15509671558527,60864.423877489084
145.59569907784083,60864.423845645426
110.96432702124862,60864.42354655707
112.17892590188359,60864.436058464395
106.98316290475705,60864.42666286845
165.98095913282944,60864.42542200189
133.67658538165273,60864.4217916197
152.23555186224183,60864.422508040356
116.57750086939036,60864.42434537731
107.8424818500154,60864.42567047517
103.41165017802292,60864.42472801322
76.97276000595956,60864.426588965616
125.30610322232847,60864.42370531544
147.364116684356,60864.42585419813
104.2656943026626,60864.424104758895
121.23191090492739,60864.42317577045
124.75527918431607,60864.4246356953
131.01993885861862,60864.42376188706
146.92013568706935,60864.434863182505
123.51124068558386,60864.424165424236
114.0987041415723,60864.422733464206
131.14548885997834,60864.42739926205
158.79838820903663,60864.42222281536
140.15773416026397,60864.42189196426
129.80120691421214,60864.425259343545
111.57375431831788,60864.422899447236
77.95204113062265,60864.436128802954
96.29043226650522,60864.427549733766
126.77715175786933,60864.42367656826
100.1232100189001,60864.42243159763
114.53599639706287,60864.42602216419
145.78556096290362,60864.422716200286
173.7267835697127,60864.42372104935
121.67681096290563,60864.42209546368
123.77077575181268,60864.42473804321
137.3836303111066,60864.42341622153
139.48017745099511,60864.42626280019
115.65574946337212,60864.4265596351
158.85826749251103,60864.423765677515
100.20284356661728,60864.42263481462
96.90328661126448,60864.42443886778
117.37673178001863,60864.422947195926
103.91456834043223,60864.42226541893
155.84324131892504,60864.42344383015
112.69294711891216,60864.42305734424
148.3128731700113,60864.422485893076
144.98660948517332,60864.4242239
127.94164433084016,60864.422179503184
111.51966205505335,60864.423733719625
141.7548289367434,60864.42377953573
122.89453478892082,60864.42465772546
78.99809180016582,60864.424504026436
107.69530306390796,60864.422397598886
129.42098966026325,60864.42324443506
135.27387803778885,60864.42636124915
126.4671198188433,60864.42370044175
104.7483735440805,60864.42249889957
111.46372531376068,60864.42489495422
133.04293178909776,60864.42333524597
145.91609280099914,60864.42261911107
125.88488712040053,60864.42136864739
124.16245338461168,60864.42158031899
174.85691337344326,60864.42423639121
104.51212212976525,60864.42224973491
127.0811997446823,60864.42197924518
161.0902579151538,60864.42438641476
110.01959606181772,60864.426028681024
113.27911575229007,60864.42378537319
110.04774688490293,60864.42510420572
103.45177023533526,60864.423018758906
95.59837793138551,60864.425284137535
123.10488469976372,60864.42400971171
89.24975647315405,60864.423725816974
102.48529106995367,60864.422722145544
91.983475171644,60864.422885552995
100.31845968225615,60864.42394084827
112.56733756964204,60864.42453683278
108.58995115070027,60864.42504319289
93.99727749899826,60864.42344144881
103.23045897038591,60864.42495997035
75.08126035866816,60864.42315813188
154.72022412941692,60864.424418460156
141.1918920335239,60864.424091226996
144.6383264621835,60864.42377230797
145.6966204121112,60864.42429881123
116.69415040840232,60864.423462260616
133.17246904820803,60864.4262852697
120.65347790669027,60864.42550580948
100.0611940617884,60864.42562608022
146.76332665985947,60864.43495553008
107.33937421486328,60864.426071563306
107.92400367343645,60864.42045822384
145.34236891797286,60864.42368622861
131.2097485485997,60864.42313517515
150.19902298388456,60864.421417162805
126.83967150666358,60864.42353940275
150.72778024845417,60864.42270974965
138.74193317562452,60864.42566682914
139.30482198120228,60864.42398878947
114.3222266368357,60864.42136554705
106.93081650766241,60864.42399185539
77.8052377799884,60864.423566779136
104.83987947417832,60864.42136271522
63.42625491217196,60864.423978577084
131.81609884817635,60864.42353620393
140.8979909414302,60864.42659420754
133.10279328570672,60864.423639185225
152.37147007710564,60864.426014189834
108.55767545124183,60864.42451040371
125.260645603697,60864.42524569236
128.46091620051453,60864.42252146697
115.87200451585241,60864.42201834976
98.63638652258656,60864.424178842724
151.97881331463273,60864.424790606325
153.4658444015593,60864.42380985966
78.45264198548439,60864.432853861224
160.1983366707364,60864.424391451284
127.60570368138424,60864.42336487818
103.76435147907962,60864.42449268611
94.94845083213967,60864.44822251809
137.65352732283966,60864.42623739823
124.25774911827453,60864.42413989469
151.30245448211912,60864.42426307172
96.0703477782311,60864.42490467748
88.73006526778676,60864.42484817925
122.57267131745827,60864.42240834562
104.37252247613716,60864.42254202188
83.98463197025703,60864.42239399709
91.15961566628212,60864.4262541103
119.04679033417985,60864.422519586886
117.16330710442583,60864.42517250217
103.3925311258707,60864.42272031956
105.13843080941484,60864.43678809084
85.23421700383459,60864.42574929652
73.86658848054105,60864.42518643436
120.30117886853616,60864.42389049373
155.43988347570124,60864.424946960215
104.25645096302618,60864.42607492463
84.09538446559583,60864.42253024015
114.67697301844629,60864.423144852175
108.07862150099672,60864.424325393134
101.644429218894,60864.4242011661
153.15842067065356,60864.421428667694
116.87840249769908,60864.424302220476
136.4881734440095,60864.42276372441
137.74516865149806,60864.42275727507
103.48916651038552,60864.424218682325
140.1899325323221,60864.42384983226
82.06269034937141,60864.4255933864
136.956895895566,60864.42344948078
164.4038795377735,60864.423518422096
116.05073174167815,60864.424961605335
133.13118735814723,60864.42490844464
136.36279321560062,60864.42585349425
87.0596719962269,60864.421327686396
121.42815721686624,60864.421591706516
124.5703262164086,60864.423749382455
131.3509001229853,60864.42382840069
167.32066656064902,60864.42419524831
88.85921960076598,60864.42607648521
93.1511951549186,60864.421674566984
108.7359710180425,60864.42474337671
130.31119264472963,60864.424244724134
127.18359733649446,60864.42265403914
101.97139951408543,60864.42490286434
125.11117210544785,60864.42542997562
118.06791010403491,60864.42475710478
167.07071085363856,60864.4238635696
130.715751991509,60864.42345144013
127.99624409885044,60864.42397219059
100.82501571226287,60864.42291706483
133.9513012877971,60864.4235110492
141.74445712120075,60864.42534794249
102.87793171465202,60864.42113820464
121.8272940304979,60864.425205436055
117.28171780676742,60864.42306461392
107.8505576501778,60864.422931377594
124.55769839365765,60864.422728099
121.49737730899214,60864.42490042269
146.04033895774253,60864.42358847325
143.911200870269,60864.4220296887
110.5042376955562,60864.42345502145
158.2773711237199,60864.42255498936
134.85412823838445,60864.42618283281
102.83774208429688,60864.423672478144
116.93033094418938,60864.42512536944
137.60258126019346,60864.42367447827
147.4973779882095,60864.4242162001
122.67032243713254,60864.42688527833
110.80202231543728,60864.42172769522
143.26871079841294,60864.42469294444
133.2742083001427,60864.422373983434
92.05813491756072,60864.42716609478
103.40456523014153,60864.424559829815
112.02303518199975,60864.42313255329
100.34865615614677,60864.42484308872
111.162556512814,60864.424737566515
71.60700867259402,60864.42209105603
72.14420362043221,60864.4247249388
117.14035864519423,60864.42476249279
137.92611546393067,60864.424272637596
98.49825263797807,60864.42470876698
61.09715958383015,60864.42609136943
95.61498479735201,60864.42169397639
105.82966785390687,60864.42338712617
81.38540805244503,60864.421434219155
113.578573575518,60864.42551496244
97.59257721269103,60864.42343853351
101.39286468735382,60864.422791028876
137.41727804630386,60864.42232460257
140.20627918238895,60864.42510074494
108.3998907677622,60864.42642767728
88.19588906964373,60864.42701813968
140.38487403408308,60864.422581617764
109.25211872805718,60864.425575014655
92.64691349187086,60864.425612799954
41.36885941012093,60864.42231077431
109.27780311062281,60864.42605158392
122.17351061553366,60864.42360927948
97.9523874831473,60864.423620208865
123.5937648363886,60864.422393921144
108.24472854067959,60864.42489207267
141.37538261925982,60864.42669406646
113.87138863588554,60864.424980328666
143.30293443003248,60864.4230692203
103.81219646188082,60864.42160612376
139.71834786462472,60864.42317097751
127.12854818081911,60864.42328110674
106.25480781664372,60864.42173598841
126.41781892049644,60864.42240239522
127.5080940305159,60864.43785577058
129.92246303394995,60864.422602564206
98.3742074310961,60864.42137586197
138.52932486781836,60864.42180342119
103.78002765760587,60864.434109586786
137.24061507364618,60864.424488413344
112.91233029767754,60864.424105456514
176.8594194464412,60864.42455676112
126.64834348817729,60864.42478722142
117.59525224677085,60864.42436429884
147.16034332504452,60864.426320423045
119.75934664150905,60864.423220163444
127.63959661311138,60864.425323104806
90.40821774364318,60864.423814711605
88.23555773360573,60864.424100636046
108.45739166229124,60864.425421991546
89.5018677700336,60864.42538929001
93.66744054356221,60864.42285027799
115.32803765836321,60864.42130386663
92.57458164986835,60864.4228980883
142.6813322689467,60864.42437985165
120.00037615740295,60864.423835025125
107.71176748068588,60864.424328019
150.0316816681372,60864.42504470591
124.65902302689702,60864.42431272731
124.03800277739371,60864.426149181905
128.38413424226923,60864.4219483724
114.33440164488509,60864.42614430543
124.29017705195601,60864.423319913796
123.73443830031655,60864.4260160433
145.22104406433198,60864.42503597273
113.91638046337069,60864.42438992996
117.75130796229244,60864.42543570648
132.73030751119427,60864.42414040215
91.75581759473386,60864.42434430451
114.99673917114502,60864.42593056138
145.23103067949583,60864.423927104785
128.41631466956738,60864.42191023755
131.92938972416016,60864.423071568446
94.22846740150649,60864.4233239927
107.76467148120652,60864.424737579044
124.90542499530821,60864.42241582372
105.91991300202622,60864.42362107061
106.19568001206964,60864.42425989109
87.31204384010253,60864.42265534996
138.98054779007637,60864.42565579781
111.36717547145749,60864.42634081656
118.35498020092369,60864.42650078071
127.8037209488581,60864.42179195253
111.44257886264653,60864.42376016444
118.1313981524043,60864.42396306925
150.37559347401523,60864.422944208396
111.09916511748922,60864.42221291709
125.07093783477573,60864.42247967232
99.62552974544252,60864.42347532472
130.07540997449252,60864.42362613648
101.61705022049935,60864.4235035498
117.82663675061326,60864.42248177688
143.2854169091177,60864.42385813298
131.0926473382283,60864.42844603639
146.5134735728284,60864.4227327366
91.73861699593704,60864.42524267956
114.37588655574345,60864.423688547206
105.48321553667984,60864.42272198307
91.44546077680135,60864.42628411219
141.99620083438472,60864.42261536072
140.4512330324471,60864.42460065961
97.58245403352623,60864.42648883961
120.52538540964332,60864.424034277756
101.37394454706224,60864.42396157678
101.91296942034423,60864.42384979831
141.06117161883265,60864.42619658643
103.20596268028208,60864.42564264311
68.94409519396383,60864.425368097196
114.63499334806832,60864.4234751532
122.35262698967567,60864.42383476971
122.56552247429858,60864.42442054441
75.10406706166776,60864.422452694635
92.72514894276273,60864.4243674621
100.9394068674652,60864.42074305533
138.33223976369806,60864.423374806975
107.40168986067712,60864.42388043355
141.9885557799547,60864.422824642
104.83615337519174,60864.42407414362
122.48520317062432,60864.422829735515
85.076625359977,60864.421557919464
166.99371728789345,60864.42109620131
158.45586314861063,60864.42238550597
134.08397331843503,60864.422812325014
86.6900373696271,60864.42533260171
178.42228916610892,60864.42377026491
110.60363376787484,60864.42192449729
132.16444344434447,60864.42546150145
80.03869951823754,60864.423137343074
128.52714029792085,60864.42265439887
88.99865928564469,60864.42430762407
79.40681986856539,60864.42504558097
80.03525045340838,60864.42242811785
119.73712067235763,60864.42698626015
118.68779943868856,60864.427167505695
108.72789529717338,60864.424548508956
121.01652952542186,60864.424524228365
117.50665321317166,60864.42282336382
91.21271902555951,60864.421321321104
107.49599155495629,60864.42423736743
156.50136838684355,60864.424913378774
133.16461727647865,60864.42626823362
119.58359652659222,60864.42216065178
127.78301296115976,60864.42537969869
115.46468357627934,60864.42514680499
141.97591077589064,60864.42576536112
103.30410280931365,60864.42295249312
86.33595540551313,60864.42128814148
123.86271514183889,60864.423601006616
137.97263094108445,60864.42509507166
166.99611122715226,60864.42342170256
111.24661589813145,60864.421013369065
129.36250044089135,60864.423913124665
130.71325103570425,60864.42622076188
137.946127342853,60864.42701417401
105.41901656281152,60864.4226028448
109.17430571733311,60864.42251528042
151.1219601470773,60864.4234112187
101.5124542338791,60864.4216246297
124.93858868603219,60864.42381040759
77.61831839114451,60864.42460215085
138.7794067358231,60864.42589391872
103.22854147215646,60864.426409853666
144.31026187048826,60864.423005073135
100.75619294220458,60864.423175290714
111.9809171633629,60864.42474275837
100.66222921789145,60864.425823596255
112.99902374263529,60864.423655610626
155.8733349385407,60864.425259645286
136.78746457584904,60864.42418228046
94.15668843686531,60864.4242272632
105.8427016248491,60864.42288824495
91.32820483475437,60864.42475644314
117.510136898295,60864.42497061797
111.17394039560943,60864.423999669656
148.4126521449379,60864.425318764464
137.79698039788866,60864.42482600374
92.07698204202657,60864.42441799813
157.7405962766904,60864.4249453991
112.24458475660117,60864.4231905888
165.37113370849127,60864.42218766105
107.90045209522246,60864.42514715571
127.38878788306232,60864.42658486605
95.97689294977515,60864.425625207055
81.48993214794864,60864.42193427378
113.18849272460419,60864.42323471788
77.4800087142629,60864.42117054243
131.58332450914958,60864.423151183444
108.25935747339496,60864.4262544946
97.37433365225603,60864.42214427336
126.9161612003896,60864.42131623106
85.10112089363572,60864.42293830624
78.86991185502515,60864.42558922654
135.9786471744649,60864.426515772284
136.1611083728702,60864.4264917051
166.86626575774523,60864.424828307725
121.08023390282676,60864.424055801785
86.01683761482029,60864.421697863516
113.96966534731199,60864.42605831105
109.9567734787805,60864.421725611755
129.7531822561247,60864.43999397919
133.3349149121442,60864.42754065949
162.88109155574733,60864.42170108839
118.32939902885579,60864.42220457089
106.38902450145885,60864.42495072472
139.61902443713942,60864.422855763136
150.83508925484344,60864.42509474394
114.5939726335669,60864.423100033826
174.14832663278622,60864.42310639907
105.92696896490881,60864.424352398724
114.27724538818822,60864.42135607127
98.16880471804743,60864.425898229325
117.3382351493914,60864.42322092142
133.4464975534563,60864.42591700474
102.33116132600581,60864.42392357362
147.19059292402528,60864.423964792964
89.53019129005656,60864.42417012027
114.16844765754279,60864.422234468926
111.73874866476605,60864.42226739063
100.83600996390983,60864.42288897842
115.4151192953096,60864.42237722162
165.82555594148928,60864.423248108695
90.77637050771285,60864.425892808445
127.38842131284264,60864.42440227371
100.63995146021898,60864.42529891375
108.47661013853664,60864.42115861533
122.79590781029599,60864.42510013404
76.55359194032997,60864.44724681678
96.51354513800838,60864.42354448871
132.33577805561845,60864.42312805268
140.50678851387767,60864.42360048534
118.02136067747901,60864.42593967112
96.04470597296125,60864.42525074942
114.79357497497172,60864.42170666632
118.05650934636749,60864.42389031757
127.98029902504028,60864.42221550328
96.85217213837134,60864.43439291541
166.22357807151892,60864.42423739661
85.78405821931626,60864.42375776839
109.02801068134926,60864.42182090343
77.966179391107,60864.42277100982
139.50863926555752,60864.42524797938
106.7811602968164,60864.42256872483
120.47219154359178,60864.42493071603
120.88959668473144,60864.422538394865
122.53462982507715,60864.42621757835
113.8472603180489,60864.424690031185
72.33053902430329,60864.42288215544
66.83196402999681,60864.4219240278
126.84156416187088,60864.42226865034
115.4602181618641,60864.42511488285
100.96349351482517,60864.42142350927
125.66906518948501,60864.42262033254
110.08063923882943,60864.42212788821
128.14083173728486,60864.42269629694
90.76392730539472,60864.4245769619
110.50303906508987,60864.42317084837
118.37369514453503,60864.42464414766
119.96864397508375,60864.421574480744
154.427676348775,60864.422534153426
112.41962922103566,60864.42297897639
135.33353222145092,60864.42438002799
123.70266615385582,60864.42174281397
109.87914549217416,60864.42423723174
115.2443466854972,60864.427758073325
152.66350215645843,60864.42428842025
103.39388286591765,60864.42544860375
72.9010827318282,60864.4251421228
119.13844423342,60864.42370128624
117.47582532293377,60864.42357145435
145.42813092585536,60864.423877563364
118.20080382958162,60864.42325877605
127.5808642646018,60864.422161384646
108.32584805657082,60864.425307592035
127.92016457473281,60864.42524666126
161.0900392449287,60864.42262820763
98.07072135908227,60864.42454429828
101.32611940872762,60864.42464808696
111.03400047982277,60864.42373002885
146.74329044291497,60864.42293466764
135.1205845941369,60864.42312279232
121.32525462217049,60864.424198897934
120.06065822269926,60864.42386846153
76.83553577176151,60864.42839854454
145.951122353637,60864.42406713144
90.88542959843019,60864.42435832405
128.7288733339346,60864.426981275654
127.38235025369043,60864.425589663384
149.4755261931212,60864.42322499763
104.62835589894567,60864.42343723967
132.38371365286935,60864.42385179866
133.00770620194422,60864.42838849589
105.70238710545544,60864.42357221686
119.24666892329044,60864.42522806201
129.24244474476504,60864.42468592283
102.61722307743797,60864.42327468058
78.55153199550716,60864.42407829791
113.61988490065936,60864.42164720701
125.20385280578856,60864.4236392904
108.74273006478961,60864.424460615504
111.0167721973277,60864.42079305864
104.15236998237282,60864.423247030485
105.04627315613563,60864.42510896963
92.48951250674067,60864.42542994874
115.46447980869719,60864.42500490556
76.57457264377135,60864.42627658746
108.428910111648,60864.4251124608
84.03989571725432,60864.42260608168
133.01090912479026,60864.424416375834
99.27770993364268,60864.423400566426
177.46595814878,60864.42581740406
131.42584673461926,60864.42511614772
87.99300780367047,60864.42541096219
136.49090278959915,60864.424194569794
168.88260697702702,60864.42645364062
120.3129552132506,60864.42325280565
88.47421716379081,60864.425614037194
105.73767487157237,60864.42343399234
129.6257680492281,60864.423868708705
83.99264734169356,60864.42300977577
121.69198738654967,60864.42523861466
105.71285160477639,60864.42237516608
86.74489703955607,60864.42491629006
152.6912889009541,60864.42370123916
122.44231750920906,60864.425344575575
125.1378313829555,60864.42098652213
146.14887921024547,60864.43611824534
122.36519386303442,60864.422176796994
143.8485355422076,60864.42406034255
115.06847376575962,60864.422639885546
128.3061295605619,60864.421803361394
117.34792992298492,60864.42475532461
110.98131529815498,60864.42513183727
133.88033222258102,60864.43624247684
144.7408661720968,60864.42410470173
91.86206214809644,60864.439895922056
133.3198805903895,60864.423005391254
104.19413719971818,60864.42371406099
138.2330190543151,60864.424018470236
128.29796503538512,60864.42720698883
111.84062051514078,60864.43425892513
116.85561135071936,60864.42602724287
137.8040883488001,60864.42417284515
125.66408099805277,60864.421863087824
112.70472344111482,60864.42146661446
127.2719442744624,60864.421784652375
139.1112188671008,60864.42292327905
142.30285708467906,60864.42282580006
130.67118278709816,60864.424669880704
159.93131284269725,60864.42581709784
98.50335017166921,60864.42239285456
135.43533721939244,60864.42359435634
111.91297412529438,60864.42569928196
92.11403443067248,60864.423712727665
98.64869253118287,60864.421432929346
80.11048236171214,60864.42609278363
96.66025815971285,60864.4250881345
86.58005584087411,60864.42475737641
134.3831381310225,60864.42411399633
83.71263378743276,60864.423940948946
128.60209969546023,60864.42556107021
87.59403498101514,60864.42213506998
129.0937745812033,60864.42559540166
122.55092682825365,60864.42647475088
110.25456056564155,60864.42484182832
128.1170844754168,60864.42103067016
90.41121535931732,60864.42571973632
127.02348257870867,60864.42732565528
123.3996873765732,60864.423227702566
129.80377913913014,60864.424351137124
127.00022758107488,60864.4223185724
103.19026445425482,60864.42477403625
134.8570070982126,60864.424243005175
112.61483557606593,60864.42457484933
79.98029508885948,60864.42113881901
83.67824351518614,60864.42596202546
83.75970419530749,60864.42453529751
129.4433232773159,60864.424138331815
133.46931042311627,60864.42313972662
111.57057295299131,60864.42588203824
113.87758866487403,60864.42605735636
116.10012898951368,60864.42493466472
140.29727448059833,60864.42749022734
129.75124982623296,60864.42384344904
108.08151942864384,60864.42301438728
108.87002579678267,60864.4256485864
91.97347881759289,60864.423112217315
131.4369998214605,60864.43480067449
70.29264338929057,60864.42601502088
114.48996856158725,60864.42247728829
107.47967017461896,60864.423548283325
110.32798344850096,60864.4224201525
130.0765298894699,60864.423928845434
110.80915748743065,60864.42293485999
139.42423723070618,60864.43607515471
140.58962957488453,60864.42587824681
119.95888310557659,60864.42154881711
121.28343635292973,60864.42258881322
129.3299941560833,60864.42583386083
143.68818860003174,60864.4225314384
115.42586913087187,60864.42469185933
123.5491108889942,60864.42437749173
103.60018382404833,60864.42120363204
106.61404030478587,60864.42516936156
112.93696807856293,60864.42349246757
115.0549938163954,60864.425136856284
99.3499601700647,60864.42339922973
115.23131528010424,60864.42225844052
149.93496899265594,60864.42161607964
123.01278079017902,60864.42552297823
91.92241819798309,60864.42398020101
125.90953213863898,60864.42253868351
103.86931461422536,60864.42436182167
99.46876734114674,60864.422145049124
66.41222579332789,60864.42426178031
131.34593534713284,60864.42448109249
148.77392516996474,60864.42445231768
137.11192205780551,60864.4250998545
120.80862748423942,60864.424080142075
99.65564582064437,60864.42495836447
158.35731502283636,60864.424723396034
132.16762463501175,60864.42286015981
70.36425620676317,60864.425719797626
116.27389824864042,60864.42439453948
127.98738460744535,60864.42335899336
119.40682715706869,60864.42594482428
119.01772928425224,60864.42477510705
128.83952209642948,60864.42317668297
111.86052062757449,60864.42519484541
108.227236891636,60864.42446711283
118.05196132492823,60864.42429166862
102.12521868850672,60864.421143577696
154.53003399448556,60864.42183802691
130.90308334600306,60864.42107247381
133.66898924144297,60864.42306248805
123.30575894458002,60864.42484284411
127.0355553619502,60864.4257147924
108.2845757104942,60864.42340744317
134.97585352856325,60864.4265421983
128.43154580317312,60864.42197551281
135.21618854832016,60864.42779313225
115.2229621104024,60864.42522182631
110.90154803075147,60864.42287112991
113.91233487193307,60864.42455448268
131.86653548898022,60864.42580282901
86.58875942793634,60864.42370224751
113.87587843100596,60864.421588947866
120.37862521000095,60864.428207849574
137.41723704028908,60864.42260865891
127.95334802017616,60864.42482074165
89.95701414631768,60864.42282711288
77.27504544958231,60864.423780951896
107.15052356813545,60864.42401423068
110.10331621389022,60864.43703615945
112.45738663539473,60864.42657012474
125.91633601241928,60864.42340707696
96.07486774054784,60864.42619609076
96.77882306613124,60864.42367515024
99.42393952965539,60864.421473064
101.57411262354469,60864.42386789454
129.50796012527476,60864.423707716516
142.05576974227088,60864.42371217664
136.6600548508033,60864.42202384501
109.24917784465912,60864.42594380548
134.6238522364096,60864.4238388187
155.70065550165836,60864.42318241539
108.29385193202029,60864.424229165415
122.69613247826939,60864.42357962483
124.6803389210831,60864.425157742364
154.57927876549283,60864.421948811614
101.16148787864708,60864.42541985052
76.24535613514881,60864.42369491708
116.4730119211041,60864.42243657051
90.03712329602793,60864.42557103681
123.27348073228094,60864.425804730054
87.6840117636666,60864.42588906059
93.50569004576658,60864.42258818435
130.25721001140298,60864.42252774327
160.56503812569505,60864.42381756005
146.48695578965865,60864.42150882981
126.84934026575847,60864.42461355774
90.83273587039793,60864.42252342326
145.72262881905993,60864.43527457522
86.35396930190745,60864.42479524068
110.42946486982527,60864.42348519328
80.47211219195762,60864.421718024525
113.8671423601395,60864.4241411759
134.30481688291434,60864.43491367617
110.87295669162586,60864.42220983222
101.94056010869555,60864.42439442894
109.98816841784956,60864.42540362697
111.47599711100554,60864.42800728612
167.99554199779539,60864.42642928687
130.08707634369094,60864.425346438016
104.01790053133254,60864.42522600149
131.88240848279165,60864.42481432646
90.78794894474447,60864.423340632544
117.91672925305562,60864.42331898991
124.86156743595934,60864.42470592519
88.27454086335977,60864.42600291394
113.5171811621719,60864.425160463245
121.52914716336304,60864.42318039615
89.37382829884399,60864.42440438773
116.85656475302571,60864.4253623531
135.6599059164898,60864.43439313119
127.14706697419972,60864.421398302205
99.13432156177846,60864.422659776385
111.1195369249148,60864.4232872477
117.79150993639743,60864.424860493
110.26892648933845,60864.43735464543
109.72167522012622,60864.42575685761
130.46370195873416,60864.42652670592
100.69301269654252,60864.425593282795
131.50701950758216,60864.42161845577
101.8601014777155,60864.42402737464
124.59505634714131,60864.42396082613
120.20178218365302,60864.422838615224
102.2677775069117,60864.424134864275
139.3781640042898,60864.42273039654
131.0592342569555,60864.42009443901
118.14451571005672,60864.423185228516
161.67547838247856,60864.42367553949
87.02236220350325,60864.42050647055
170.81122457569447,60864.42289964036
61.01928432956454,60864.42361828578
112.98157868826574,60864.423675863276
137.36930285916398,60864.42507102796
141.18429616441514,60864.42259635496
135.38904473197897,60864.42260875893
135.8546106003646,60864.424888842244
134.50419643857137,60864.42479229108
130.1227877050483,60864.42203429315
135.28682895650925,60864.425315388966
118.56058501845354,60864.426064663334
101.00671551259269,60864.425162878
122.33411346765155,60864.42530360559
115.66869183821294,60864.42257978275
138.46979486371131,60864.42372425984
92.74823057164053,60864.426199251626
112.05619985232268,60864.42047305028
109.47826244094507,60864.423355639934
131.66046435820152,60864.42415882086
157.28820674248365,60864.42532101799
116.80728839500001,60864.42346506193
135.7169159654994,60864.42302406521
154.5329929740804,60864.42328041076
142.1538153239393,60864.42259790311
91.05669578924002,60864.42367687566
115.25866552912908,60864.425079347384
138.27135495097895,60864.42322003251
95.6192649225471,60864.42556783915
103.98959529103773,60864.4367235634
138.41974905015473,60864.42304439038
91.39248107681661,60864.42403891798
123.55188834935454,60864.42830420712
116.10488749897132,60864.4262001375
97.81870953345994,60864.423865953984
110.17875781167739,60864.424031704984
130.76389724634308,60864.423923274815
97.8137987499033,60864.425982454544
127.97424058389367,60864.422609368354
140.87611564743878,60864.4250375646
126.0432806109486,60864.42211325745
99.66374760605522,60864.422214446065
86.23880851516168,60864.42283765266
124.42542356867636,60864.42477279617
94.06297447443146,60864.42524231318
132.64060496421067,60864.426553227626
139.7924480595849,60864.42321556481
84.17632334853896,60864.425514922696
126.48247630051723,60864.42385595227
129.45371177559613,60864.42078772204
110.67768899414436,60864.4228174199
116.74818709957509,60864.423312743456
122.67964443981252,60864.42599042486
135.1032291980597,60864.42399808771
156.88251120019632,60864.42243003795
90.11217466171156,60864.42393193191
99.07943797494165,60864.42207688094
100.22921843430791,60864.423556094735
129.0490444043206,60864.425164066684
118.00316018742642,60864.423791724366
122.75972516845567,60864.425639249
113.07153664791248,60864.42439705484
131.23839918561265,60864.423515570474
123.70885605665194,60864.423734427604
110.74616462377267,60864.424863817076
126.4303854074853,60864.42149723552
136.42589757439046,60864.42333501769
109.42277874280364,60864.42713076742
166.62972129742437,60864.42203765364
136.10409895061352,60864.4229262131
113.5624664354262,60864.42223975091
95.19957633558782,60864.42215056719
110.60700040575323,60864.42464317313
82.26456933885538,60864.42517091148
143.7030303744729,60864.42161666575
158.66559853424945,60864.42383111349
85.87612477801873,60864.42310993745
121.75463545778165,60864.4241842271
134.86051074481813,60864.42303155732
144.4122940074433,60864.4216658145
91.34923446666457,60864.42553029268
85.30249875335458,60864.42112409262
95.28154411204716,60864.4215361566
117.6047492034293,60864.426325906774
75.47913024514183,60864.42154353076
146.25467332553563,60864.42183191826
124.1697333626777,60864.42229019742
142.88960660978387,60864.421907287506
126.50812015539394,60864.4231998608
101.69339864659966,60864.43681922705
113.56873853468116,60864.423222581965
89.63302180688406,60864.4228160427
67.8044450627053,60864.42479436662
94.36691082943123,60864.42300900883
89.98514243831671,60864.42324937038
96.93564970588928,60864.4243131035
86.72429542195255,60864.4220574471
93.37260068077468,60864.42312409524
88.79231083991205,60864.421860172995
139.3573291925061,60864.43423301173
130.44530011321146,60864.42358989727
129.29695142300312,60864.42400198612
139.7240048711843,60864.42375614386
107.86394737619905,60864.42467079112
125.41282581635961,60864.42325946457
130.50229761702505,60864.42288628165
110.274905062976,60864.423556541835
156.5786507008721,60864.42369449849
113.48672838792731,60864.42266531864
126.04164985820842,60864.42377325436
104.24588521776148,60864.42546418505
102.83501638519286,60864.42273816857
100.56516308714117,60864.42430729127
115.52109004362947,60864.425724444205
157.3749195809077,60864.426424947385
110.79143926466246,60864.42247964583
126.62313190339633,60864.424960446035
103.10285046598764,60864.42227664176
125.24236030820985,60864.42384292644
114.30124377509412,60864.42407515752
107.48755432877569,60864.42398705536
112.51470130417712,60864.423684117086
106.64171759269291,60864.42522238514
132.83111409318613,60864.42499570719
144.76686892561906,60864.426422634926
130.55724976919583,60864.42304198323
92.33370840774585,60864.4237139883
138.32217595435358,60864.42575675067
86.08440513033452,60864.42612606617
105.01294813247601,60864.42465965489
121.3520207882597,60864.42482268859
132.77900725616223,60864.42403994091
141.85712644107755,60864.42437711221
128.5256729292626,60864.42321259375
83.99595399099545,60864.42548305859
105.02251629478063,60864.423358061846
131.76839612932446,60864.42297638088
92.47228923224203,60864.42335734156
118.98891383551144,60864.42189081387
107.8403474274855,60864.4260246867
132.58500979067955,60864.42517922421
114.86849556136498,60864.42327484495
109.59639525440589,60864.425001590535
112.05889732061586,60864.423552669185
96.68888957190471,60864.425739392806
144.47502065068755,60864.425677133884
80.41938504462412,60864.422597901015
63.05656303362454,60864.42377850156
127.08404665584084,60864.423592293286
143.33848130618372,60864.42276848383
95.98027251969008,60864.42365859345
107.98198076900445,60864.42647891106
87.65742300621173,60864.42273664863
87.33950727742442,60864.42537177372
133.2491475021443,60864.438455289936
100.01157427572761,60864.42385836044
116.18160591114786,60864.42390179762
87.73066555376558,60864.42176510844
99.23946343806219,60864.42496609243
125.30146114596442,60864.42152050642
117.48745581662655,60864.42536481368
142.0393686026073,60864.4218341573
104.15829902801305,60864.4242628003
59.64248589633687,60864.42360834615
150.38322747430334,60864.42387063737
117.42748290706623,60864.423713578755
131.20490532915983,60864.42413499549
112.62070210731802,60864.42830801165
121.82900270137564,60864.42608666746
88.7998688425836,60864.42680662963
106.99448306714136,60864.42271424199
133.66633681468267,60864.42224459868
75.9164629650906,60864.425125822134
155.94908260497945,60864.42671356239
142.2321299181723,60864.42486722612
92.14178471229079,60864.42545111628
126.3879325023532,60864.42419741059
134.49905269601928,60864.42532790278
137.31328323094536,60864.4476365993
125.98537789623558,60864.421112433854
126.49368851229599,60864.43493803741
102.20373403965887,60864.424802350804
131.37928900326784,60864.4228576769
109.32825079674248,60864.42333140273
103.85229688386289,60864.4264789102
122.86602103497854,60864.42247484544
100.3043192375349,60864.42502953351
158.92110002556788,60864.42213868062
108.76739158769702,60864.422781837886
150.60250546696324,60864.423279948416
142.0762771686668,60864.42670605013
165.55270535068402,60864.42519471518
108.26537523386153,60864.422745293516
107.97534532320935,60864.423556756505
110.51073497101542,60864.426963179554
136.6951843017219,60864.42222797891
134.05947678721944,60864.43497707591
121.06182961802062,60864.42497508332
112.21564107314202,60864.42332587774
123.07800710612571,60864.421330085286
142.54482464093894,60864.42286370682
147.47771476975066,60864.42542730957
107.84076107042313,60864.42766274925
143.2110337180871,60864.425275459085
147.00793236517447,60864.42369632441
133.00038205612697,60864.42393406127
110.07495428283758,60864.423901243856
126.32098445293863,60864.423413615965
124.85425626147857,60864.42494783671
79.71475476825887,60864.423403496316
112.59717534959846,60864.42258556488
126.31080744287699,60864.428131001216
151.42982553268772,60864.42553881057
135.90779534548776,60864.42535215821
136.02223882209816,60864.42294742444
107.72538647062854,60864.42148858541
96.61905503402309,60864.42149756848
98.63195580212835,60864.42494745993
90.46306309109104,60864.422056567
134.75981304256408,60864.42528631558
113.50048338278539,60864.42315964878
122.41665646945854,60864.42563426701
121.19377877628148,60864.423982307344
131.49939091059647,60864.423005215955
153.18883028996382,60864.4221835309
97.54695008059153,60864.423539205316
77.55963002974562,60864.42719122169
117.13708221718639,60864.423337715285
137.15688891615065,60864.42545602722
109.93996136452094,60864.42567259226
143.72667456074265,60864.42182369788
144.1440673275316,60864.4246842168
144.50735434262418,60864.42514037083
152.39133622333952,60864.42721077129
98.62270792860569,60864.422035859185
144.27766155285573,60864.42474022162
106.43075905459416,60864.423428272516
125.17562486906768,60864.42207224963
101.25067610800774,60864.42353965095
99.13635457611193,60864.425379209635
126.8304904628395,60864.42256232155
92.34122661505823,60864.42450092339
147.17578897748436,60864.42508326071
114.40184867001703,60864.42211264313
117.8551537727036,60864.42537101771
98.55707374764535,60864.42316111673
131.1616145334924,60864.42040532647
108.07779463463686,60864.423198828954
104.79858796211926,60864.42273477191
93.74504332254129,60864.42504112669
87.90441172916503,60864.42393699238
135.93040033079046,60864.42225486227
85.01820612560779,60864.42309663542
102.69126752721084,60864.42562244011
117.97433882568583,60864.42403853735
99.86895248756456,60864.42344268973
132.9912822552228,60864.42181628491
134.7299552843102,60864.42274339692
112.05683529620397,60864.42274313796
95.44539272766134,60864.424003451764
105.09118894982132,60864.42475420972
144.8071353266999,60864.421933884485
109.94172094956663,60864.424484518495
131.20803099510937,60864.42398681052
135.93859916225156,60864.423377359235
104.7359427744714,60864.42209438642
98.25562167195184,60864.4234126438
170.23242089552414,60864.425488436435
92.39773871940878,60864.42164967957
118.05062359673947,60864.423231135595
96.7318482163548,60864.42140630088
83.83974313584612,60864.425566292826
92.02277186677287,60864.42311710565
149.62319483459035,60864.423355165585
93.79974556000434,60864.42456378358
140.70837639960132,60864.42314460783
94.62218284009725,60864.424463036485
126.06197179503059,60864.42128703271
128.42353294244774,60864.424466203425
153.6035241761172,60864.42222517813
128.32013877771166,60864.42159864189
120.79610427257765,60864.423676471386
133.4667413213609,60864.42193439715
97.64724239819733,60864.42752056485
136.93065921501778,60864.4261330099
134.12587846561786,60864.42339379895
108.44090557780063,60864.42472750864
139.79857354602206,60864.421951556484
140.94452750056251,60864.42313088846
120.28628381517358,60864.421974886245
91.60890995351086,60864.423566441554
86.09415244628852,60864.423666674025
132.2838960926744,60864.4242362681
140.48542128598572,60864.42508935014
101.48056421586732,60864.43716690548
148.57194941469268,60864.42421610938
104.74643350229876,60864.423534297195
112.42294706087672,60864.42301662236
102.03086968247266,60864.42281257068
141.3397705891063,60864.4262913679
131.7086383538242,60864.42415839492
94.45429659455401,60864.42360131758
103.0746403053885,60864.424202901726
119.7872714074684,60864.42381168163
96.30341899506912,60864.422316904944
105.7922507916606,60864.42202236324
145.49859447751538,60864.4228895805
141.19720506725068,60864.42278147569
80.68622780396024,60864.42260647415
115.0009115621125,60864.42515545862
152.08836037860635,60864.4230163581
133.51167753310764,60864.425148664515
111.69439305913225,60864.42500519465
131.50186871473704,60864.42312032722
145.76479206930287,60864.42177447924
95.77750845849407,60864.42628449249
83.21546695624176,60864.42528971355
146.18493198315846,60864.420105670775
99.08039390616177,60864.42220951856
139.27396151707933,60864.42674046646
121.77286926142932,60864.42499728162
138.5211535112047,60864.42440488827
99.49219975029182,60864.42194970123
126.42863816944029,60864.42393536479
144.35269855338728,60864.42274941537
107.94414705277738,60864.42411776932
115.19022509139597,60864.42176653234
117.40480056118606,60864.422037596065
163.51360312601278,60864.42190350513
132.50173012652897,60864.42064117443
129.4698154903363,60864.42225927807
137.773472886676,60864.42313864489
154.5758414888392,60864.42555342943
135.36654447515576,60864.423895442036
132.5847276944978,60864.42324864706
97.19545536401303,60864.425380943125
113.02193316994234,60864.42398356918
123.96330183508469,60864.42409695002
164.45978063631344,60864.42542378124
143.33977329557752,60864.424342029124
114.972380649127,60864.41902278538
115.37013092734277,60864.42434030443
85.34402486183465,60864.42566432235
84.70846763213824,60864.42371829082
88.30339049129375,60864.42039851184
109.2745576191632,60864.42563373912
75.94186742491257,60864.4254187327
144.59759371807274,60864.42454748521
102.4403339892626,60864.424595277014
148.03805483315043,60864.42151904231
113.17524799600017,60864.42322006857
168.82986485458034,60864.42494352354
122.03820753855817,60864.42578667845
124.99993502363456,60864.42379202109
124.58315734347386,60864.42327915191
112.27663772591738,60864.42640627188
103.96655628845818,60864.42351319754
89.4783872091383,60864.42576115007
117.30616144233133,60864.42606145707
110.59387514909551,60864.426536577965
72.03605986241058,60864.424849869276
124.42650340264915,60864.4218687863
125.92539524007307,60864.425768329194
94.74281166975005,60864.42249608335
122.05027647810016,60864.42555366986
85.61215407752736,60864.42600203852
136.23702115054382,60864.42585080452
99.88230590869148,60864.423975183694
111.14317227676857,60864.42360032365
118.03963559849011,60864.42327686688
132.1194705451016,60864.42664396844
124.20855952868136,60864.4220887856
114.18537272006056,60864.42408544363
128.0720723167135,60864.42397935635
126.96035152389489,60864.42469103163
108.36415937669422,60864.42508832243
155.47184483756737,60864.423011727566
115.06525089156293,60864.42456796111
112.98369821896847,60864.425297789974
162.247804198908,60864.425945196876
104.8569377065606,60864.420468160264
156.3875128878843,60864.42198134099
131.7697875195395,60864.42571473547
105.95668521039151,60864.42312935824
107.18201504382395,60864.42610145945
132.48081963429868,60864.42492151683
158.340665219323,60864.423553723456
127.02081740381739,60864.42583477173
107.77787945337097,60864.42468769963
93.6227499058459,60864.42465471503
90.76956793560079,60864.42408897294
171.9404995087144,60864.42354900017
148.87156084010132,60864.424988103536
124.69294497697615,60864.42336968012
77.6772965374527,60864.427415287035
170.09975880091673,60864.423030242106
110.26648094101054,60864.42304167463
116.00147956852268,60864.42238453983
168.3423085203993,60864.42469652895
136.5115044619966,60864.424523946465
121.55719598804983,60864.42378855041
143.28310072300545,60864.43608611747
106.45472529919468,60864.42016448212
158.25663147018454,60864.42521939478
127.11511744083838,60864.43459209274
135.09157352183712,60864.42596819416
142.02634930102985,60864.42317281723
136.0447897624316,60864.42231546442
136.39894052718142,60864.42338629147
133.90294573060993,60864.425506894884
140.93853519956025,60864.4237644905
102.11052432815397,60864.42439701794
110.68387336014452,60864.42390544154
84.15763664786644,60864.42298030209
97.66752465427713,60864.42330104933
95.94963706820155,60864.42308311659
152.52322220137884,60864.42301419162
118.88481822560703,60864.424575057004
94.20188786752475,60864.425078950335
126.03471563757445,60864.42284628008
89.79529659390164,60864.42424212861
123.08634766642983,60864.42601208566
108.5394982188807,60864.426322063235
140.65420928468922,60864.42372389673
123.90127100363283,60864.42570237384
101.41670493808358,60864.42147752014
144.21758712737687,60864.42349289621
63.55487377142375,60864.42260325863
118.73854621884165,60864.421732536284
124.04115818789218,60864.42317505025
113.6826752378144,60864.42207155829
118.53742827834617,60864.424171977735
97.0420150005453,60864.423886357275
147.1424304843776,60864.427536270356
93.99717573838915,60864.42227988127
116.47039196129468,60864.42511028439
135.76538624154,60864.42454815958
104.97024537716362,60864.42506255451
124.71850646130929,60864.42113812235
135.60562689680987,60864.42233026772
101.30486811362753,60864.424506835676
102.50238000418148,60864.4266461692
118.08613881201356,60864.42257578486
90.60790179819402,60864.42116948876
108.52146098297408,60864.42501257525
92.45227080732487,60864.42313018795
87.02977820052902,60864.426425838785
148.53826907966777,60864.42565884656
132.47204922505006,60864.42386166426
130.78177247313457,60864.42278626014
125.38761652672285,60864.421902398964
99.45773084511984,60864.424955635666
103.76454779884202,60864.42349053238
142.3719379517226,60864.421094534904
151.71727357032998,60864.42423913685
100.70804629467987,60864.42182481395
129.21611525459394,60864.42541030209
107.83757151726722,60864.42401423879
124.09827987627361,60864.42404514727
138.5449511460785,60864.425311163046
94.78573910367692,60864.42133836282
95.5421982369451,60864.424074226314
135.78185707620648,60864.42602731315
133.64426656185398,60864.42382605871
128.9217670295334,60864.425506210275
138.41730253619423,60864.422718126516
97.16307610752813,60864.42193723066
130.28279385438458,60864.42621567541
82.19858366154985,60864.42431211566
109.82833971849446,60864.42294939418
140.35494862132572,60864.42583253798
122.55902986886208,60864.422401317235
132.91304442654146,60864.42237253758
126.5631129670938,60864.42352144192
110.999065059035,60864.4237174493
74.9493806840513,60864.42449093604
98.47961882071745,60864.42348441537
166.2872726731153,60864.4231487869
103.00033488109297,60864.435261094746
120.45572056959796,60864.42375168348
131.67782975744768,60864.43662339305
117.42611526861192,60864.424739415415
112.06023968560366,60864.42098902327
112.03638166919664,60864.42697314292
112.91661829176125,60864.424202084934
176.79536610938885,60864.42537282776
99.34761375098307,60864.42354065817
102.64281772870413,60864.42490345483
113.2005217126481,60864.42668104616
107.26928976763634,60864.424829642034
127.88246338283211,60864.424413954366
138.54030105988693,60864.42444286584
79.34226773083975,60864.42521471124
102.05461710403526,60864.42405930624
95.17535218306463,60864.42429974728
71.55415684708726,60864.424830380034
127.46483416265541,60864.42798943066
125.54297068377812,60864.42424002135
110.91132309673173,60864.4251155959
98.0531959855882,60864.422491932244
119.25563509519141,60864.42088790864
112.36091630389986,60864.42528132802
125.70065341450392,60864.42363880471
145.97958357700188,60864.423353796155
106.0627746525145,60864.42334525642
120.80294616088923,60864.42589605476
68.41082025265139,60864.42490925422
123.1393268492392,60864.42541137171
136.67190341017164,60864.42630678197
158.27696960359995,60864.422961410695
124.71596599379761,60864.42300827039
123.3646374844624,60864.423547619605
127.957861359324,60864.422410544525
130.8531311673689,60864.42627508845
115.627422002176,60864.42249334311
105.1601407206485,60864.42567688889
88.89609781750164,60864.425560456235
100.4844386591559,60864.42512776349
90.6990653484278,60864.42253426995
83.40531002728211,60864.42538787432
111.64266404308854,60864.42646218941
120.29874782062312,60864.42428065086
78.98960506281554,60864.423386055
94.41266414739758,60864.42325349545
145.8576896296426,60864.42498659124
122.76686952833596,60864.42388589267
74.00068002220904,60864.42313611202
112.52057669796041,60864.42305397799
159.31451881865644,60864.42271977453
95.51933480868134,60864.42500170277
117.23178521588349,60864.42266210806
123.10946159571759,60864.42611628869
150.1019655274273,60864.42397623204
106.6138924752966,60864.4248035201
93.42509560958682,60864.42450781243
143.11489472484533,60864.42747432326
135.92030401134667,60864.42337042524
125.10928951225617,60864.424492037295
115.77653875573905,60864.425135291065
141.23596132102867,60864.42563434689
113.58344771563578,60864.42542803433
90.47795111962537,60864.4236857071
104.85683924680855,60864.42519037105
146.2233636777222,60864.42419829413
95.33183574422247,60864.42357946993
144.2660878917474,60864.42447292224
100.00592299478735,60864.42457065347
110.64173001744778,60864.42785849128
95.14684835329399,60864.42197189062
152.30383604465592,60864.424051715294
131.8859193795331,60864.42622436993
87.22337670469373,60864.423913402585
135.4371933644327,60864.423511552006
118.20132697451649,60864.42132103729
108.68688121211693,60864.42560831877
115.04901646486456,60864.42304445226
160.30058798464157,60864.42615843634
74.33675814511994,60864.424380006305
77.4126661214082,60864.42473923833
156.01217385206616,60864.425394240134
121.21140334856683,60864.422264025394
100.89846086383044,60864.42570184827
63.75667195524583,60864.42497007388
128.3578277824214,60864.42466634839
147.46307314238203,60864.42383399735
112.15531082550345,60864.422313589144
108.29320904639222,60864.42241140097
121.1904795447482,60864.4225893745
148.0756016294044,60864.42610736067
131.35534447695778,60864.423413374876
102.80603729446909,60864.422911661284
148.14830998758814,60864.423384565904
99.3968836346047,60864.42320956911
157.73257836482804,60864.42485013231
101.64848475585755,60864.42705706818
80.81918989328956,60864.42197165572
128.94829457342328,60864.42381532811
137.38483876631503,60864.42535199239
121.7745450934304,60864.42390022417
97.103137978637,60864.424327463385
148.7456569686862,60864.42311937671
118.05319125747084,60864.42176149048
123.49349193467626,60864.42673113837
131.27636043958887,60864.4214293337
86.06379480307191,60864.42389164205
125.01305887444003,60864.42538152693
133.0943251185083,60864.43623790594
115.39194640372655,60864.42603838508
138.30756122354055,60864.42315179779
84.78245820252474,60864.42356974038
95.80627502002972,60864.422749628786
135.34322524461214,60864.4235052199
104.22895438285344,60864.42326831295
110.34913140161547,60864.42389909297
150.63947738813974,60864.42578173093
103.0991062288582,60864.42199445919
87.70153475979743,60864.42378169755
81.46738195573108,60864.42325456108
94.38763109659752,60864.42644557124
159.84218686498377,60864.42463405505
107.37614934979264,60864.42335624754
72.2333757851884,60864.423492261885
144.87252286332534,60864.42127290462
134.14316033081658,60864.425936170184
153.67182993286264,60864.42707928385
123.35474169482993,60864.425296040936
115.00383765883872,60864.42393693155
108.77955452924353,60864.422061075755
110.39998279947679,60864.42780961085
103.9073331497755,60864.422195760315
115.90768235124321,60864.42389565059
98.58435276850821,60864.424411443935
128.19820203399377,60864.42676278415
133.93641189736954,60864.42555789086
137.15912081267444,60864.428251465346
163.1715810770991,60864.42386908808
113.62225219278034,60864.42590792464
137.16962351251544,60864.425680322456
150.55350350700243,60864.42393708858
96.79499247645165,60864.42305047857
132.36514461633607,60864.42265734559
103.48648945738924,60864.42304075395
109.98038645787828,60864.42447214039
112.25286881031951,60864.42726063219
111.05243223303107,60864.425458587015
132.68720109781304,60864.42213663816
117.27701335316534,60864.42252994602
87.57217972551187,60864.42671254714
103.79584684747259,60864.423805779064
129.0344389733883,60864.434999070865
132.0481423631788,60864.42291356407
105.13892487522317,60864.43610357025
147.627683019535,60864.42361713468
118.64710494416086,60864.424736906774
93.19949691105138,60864.424113707646
107.23341351847691,60864.42443964796
111.66709199625097,60864.42559520934
125.27282657951635,60864.42521536326
118.16949521974045,60864.447188613696
112.2514818771082,60864.42227558017
139.48854222833407,60864.423024308075
129.55054760555518,60864.42177661995
118.19097110361801,60864.42446631791
89.92221628222984,60864.42244296078
110.57546131556423,60864.425936885455
125.23941249916741,60864.42496137523
105.1082421035754,60864.42304848089
104.82143791531344,60864.435830721464
112.79827516909681,60864.424590029696
113.64561335601074,60864.42319002248
102.05895861641525,60864.424924601386
125.19729796992094,60864.42462007454
142.50332195752142,60864.42050811561
93.17802737268339,60864.42672664176
152.9635889155476,60864.42311219294
59.958251536869724,60864.423162842926
120.7265465940552,60864.4256994256
147.0704636890275,60864.425090945195
112.03346251490618,60864.42249905609
157.5648527600514,60864.42106814227
95.17009997511313,60864.424944861414
152.08425895032136,60864.421616281696
123.13545520599158,60864.42293852995
136.98141895351736,60864.42650088579
78.17013858198133,60864.42650185478
155.91698052964495,60864.42342643238
90.65639294708114,60864.42414639118
120.10307356734403,60864.423129653
133.13538937016173,60864.42647035207
172.35527508837123,60864.425960350054
115.29516380209034,60864.424775334104
166.97555497787357,60864.422478303495
140.60716774936895,60864.42668120491
87.68371144674047,60864.42573043408
105.78554714705089,60864.42396413375
119.3549263644479,60864.422025712214
101.78644919287943,60864.42257101341
78.98047296511088,60864.424511402474
147.77935844649485,60864.42268608558
135.7091194414677,60864.42490937501
122.47642578639288,60864.42364291506
133.57154476109133,60864.421952220466
144.86407038450798,60864.426330248505
124.97311234101625,60864.42540676956
103.96635109148555,60864.42055627083
115.74867208173637,60864.42633017385
108.3372578913045,60864.42341786626
136.58079906496107,60864.42161951559
115.38715643802323,60864.42394792606
138.74453428222984,60864.4259054744
156.96597739321086,60864.423208575754
101.29374091207903,60864.42427574709
123.92632027594155,60864.425387975985
136.19969463913253,60864.42291298913
114.63774425291813,60864.42309302371
133.3663346914066,60864.422976298825
123.72147929910564,60864.42251803312
102.945416860317,60864.422766582764
144.70850338742108,60864.42382925781
110.78970206358305,60864.42525763798
118.14787603019775,60864.42585968122
125.19816122412153,60864.42279909173
117.2296446036834,60864.42546973478
155.1546574273358,60864.424751946135
140.51927750105736,60864.42288138545
80.5938817100305,60864.425609159465
90.34179457187325,60864.42594147089
97.53263430268441,60864.425249150554
111.26749714157494,60864.42463491218
102.80595756154196,60864.42416318678
115.82728808177548,60864.42389541073
89.0960369918621,60864.42276455538
131.79517626346095,60864.42409380426
163.6847840940472,60864.42277399002
114.17545955173412,60864.425456413475
107.15670569124258,60864.42144484666
142.8141568542959,60864.423440802086
121.60142394955632,60864.42509201972
149.61454265692544,60864.42235972337
148.97595083902863,60864.422691876214
142.35834189781443,60864.423135867146
93.43667335837846,60864.42666316961
128.40629345321895,60864.42255735936
129.95434587078273,60864.42105967055
99.90631429972571,60864.422336728705
114.38770781496252,60864.42610680012
123.09289965888883,60864.43603029242
112.5742544122325,60864.4255042598
133.21428503032914,60864.42327280945
112.77329486615541,60864.4260708462
146.28371584133023,60864.42551436697
124.83052002824422,60864.42045463253
97.16699102792501,60864.43444872325
149.26423629718607,60864.423421115884
99.0313022573927,60864.42468208897
145.80664464770805,60864.426598433354
143.14511809562472,60864.42303239819
160.9737586619556,60864.42187309025
104.46057985720091,60864.42401577626
152.38934001752548,60864.42476028577
90.20299688383224,60864.42231040288
109.58640366482503,60864.423894793224
85.1689260585841,60864.42451285704
129.5220599188205,60864.4249146369
123.49039051501106,60864.42201424006
121.98262178511104,60864.42147357942
162.09337490288874,60864.42361610472
92.74455616060048,60864.42408744016
92.48360196235933,60864.425020168455
106.27503373742881,60864.42536264412
72.35140004086786,60864.42379536406
153.65700152919436,60864.42611688203
84.4015078059131,60864.424958544216
126.25607733299972,60864.421482454774
132.31675230674412,60864.42135713327
125.63651111303396,60864.43717231634
93.57837646835252,60864.423905983465
86.30283364427927,60864.42328894653
137.88975052351498,60864.425224302686
96.52298757409358,60864.42291772268
94.43669251476517,60864.42496441433
90.40744936013623,60864.42586342856
138.920464270338,60864.424237621286
122.36702298727926,60864.423719324404
111.4561491272967,60864.42289791343
111.88924075041196,60864.42237969158
123.00883377918214,60864.42164104196
117.53212252234991,60864.42412314405
147.2053186772159,60864.42213742064
125.33077612077714,60864.42286991735
137.02187776914806,60864.42305879927
133.9566515010216,60864.422922346625
122.37430285092846,60864.42462531912
124.01835999966174,60864.422996675385
113.19963451948554,60864.426367604654
118.06188761498774,60864.42376737342
117.5049875013141,60864.423541613025
121.42799194453704,60864.423005232886
117.48180043166322,60864.42206866881
141.57718949376223,60864.424969570646
126.483595431176,60864.421996099045
107.03884414359544,60864.42519640078
105.91708181906425,60864.42445498741
130.58800193594135,60864.425042766205
105.61667559315534,60864.42404569708
88.75996567630048,60864.42392528666
131.51153732800657,60864.42537087505
100.16365306736897,60864.42519876156
132.47202930265016,60864.42181392931
146.51933772035972,60864.42803550109
113.02950005341721,60864.42471594781
131.71066771895528,60864.42261672443
143.277451038194,60864.43283344278
82.10603428206898,60864.42493601081
125.64871018840446,60864.42468562851
111.81199360336444,60864.42495827431
94.08846166492175,60864.426087436805
82.52491003792962,60864.423170339796
98.38423264522605,60864.42535174046
113.59541745291074,60864.42340562414
108.95973751996502,60864.42628294554
166.61219265409792,60864.422320114776
131.13975493799967,60864.42371289935
106.6716286018051,60864.425521133184
90.7103870803456,60864.4225767881
155.69438327879323,60864.42572348111
128.5686768039943,60864.422686162005
86.606709051086,60864.42191770829
75.81061837446079,60864.42258464723
110.88167849240656,60864.42429448422
116.4908820199607,60864.42614434036
111.61830423043983,60864.42191251489
80.68733367645007,60864.423241697645
134.64876269624529,60864.42130273508
117.23059654363904,60864.42211708592
110.76419158685702,60864.44015866342
136.98372103611746,60864.42479595134
140.34925206033432,60864.425577682516
147.7588617655283,60864.42366609861
102.18500701671958,60864.42312019344
95.07194103103501,60864.425079877175
136.06119115400443,60864.4246208672
137.27426734047054,60864.42344818185
122.93229317878732,60864.42471208917
144.14208866907902,60864.42296096961
89.36629846973645,60864.424179749105
108.29771216714455,60864.424723311284
128.9327379858939,60864.42438505572
137.7021922085436,60864.4232999779
163.28512663861295,60864.42298013839
159.97487556287197,60864.42746827754
93.72800231885901,60864.42563863374
141.68314912382823,60864.42359411153
148.40980152159585,60864.42454075982
115.5737572365302,60864.42207142016
128.547241663502,60864.42368603919
97.30060528234067,60864.424837879895
121.76040922312967,60864.42490916399
119.39330037889091,60864.42357205887
119.34879915431574,60864.422684242905
135.3259421965186,60864.422950439475
103.8565115539233,60864.43339772509
117.63148070694795,60864.424773332496
126.32303285836323,60864.422078459225
109.1727931670519,60864.4235342602
100.34580169531576,60864.426280500855
99.22692758846517,60864.42259639313
112.78002445951932,60864.42559977473
111.02560186029714,60864.42600455475
118.63281748044751,60864.423397413426
129.17346182405262,60864.424036180855
79.32387900726798,60864.42349457039
108.81333191003907,60864.423040545254
150.96926258431694,60864.42430284868
110.06356104586727,60864.42169163172
102.70149988166169,60864.43528056046
73.79009419218109,60864.423727913534
79.00846046610431,60864.42652232321
128.1809329721277,60864.42519793589
85.23921171000421,60864.42384464145
188.61874058883498,60864.4278189702
99.47309169914449,60864.422978489514
100.9823323321898,60864.427289587584
116.12899883079062,60864.42192396209
123.36531071420197,60864.423004497155
98.20862494441117,60864.423545111706
91.1996593774068,60864.42237554493
118.60585682704584,60864.42232121367
104.02719988172275,60864.42398674014
101.92607102492778,60864.42237873594
101.9301438646838,60864.42501181828
127.80376626077914,60864.42481883805
120.47425059229872,60864.42411684
78.11154817550909,60864.422452684
77.87047480510135,60864.42265603328
137.2971916694166,60864.424127325
171.4447923364229,60864.42548609712
135.98586335449073,60864.42462332876
120.00418029449644,60864.42464202054
110.65364564292338,60864.42174150285
120.3913239769434,60864.42247394279
109.83696755167713,60864.43573750611
116.15625414886097,60864.42190306622
107.18837398667645,60864.426695126574
109.70939791336995,60864.424219076864
92.3782757860186,60864.42272573427
144.427527224041,60864.4234613347
92.85730118553873,60864.42402944214
85.28786257569801,60864.42600824396
125.00042499188137,60864.42332097008
98.44478155444996,60864.43498211763
127.11135996356707,60864.4274956183
144.75522688672254,60864.42295114977
107.69782277677164,60864.43368920801
139.63793729175595,60864.42478427057
116.12914088230119,60864.42310125059
127.87863698250764,60864.42358271785
106.22382385787017,60864.42684172613
98.03139888482403,60864.42666982865
109.73890325438704,60864.42488783542
129.37839638145124,60864.423091905715
104.52759859877214,60864.42562803121
64.82133462619464,60864.42187711708
143.21225217144337,60864.4240790724
139.43571407049095,60864.427640481226
101.70338815299493,60864.4259348774
115.23487509131014,60864.42306279325
69.12884246453444,60864.42632534597
105.0944497983317,60864.42600310953
136.9613919929701,60864.42421143932
105.29903557567572,60864.423178335725
85.85044090507672,60864.42565232636
88.32546353341611,60864.42404224206
149.75671609326542,60864.425197132594
94.56330601302251,60864.42400673111
106.97702309098632,60864.422662550154
176.11888542468165,60864.423444632615
110.28177816805098,60864.42488412517
141.24560005297823,60864.42477836149
93.5866084961175,60864.422319106045
122.33753812448771,60864.42146777839
119.56158288372094,60864.422921417354
110.26578576183813,60864.42407989005
139.194720194655,60864.4246071674
84.95448127805147,60864.42553326274
94.49323512718034,60864.42639182531
147.93713827380702,60864.420643665144
106.71889717942716,60864.42332997294
102.59768220518662,60864.42529212718
100.67305792761879,60864.42554432467
125.69952886717556,60864.42234608121
100.56689342504343,60864.42142526202
122.06222761689733,60864.42441073554
117.86455318444838,60864.4242213366
77.8799785119743,60864.42478574018
118.89151697765939,60864.42540847132
109.59203823544004,60864.42485193912
156.34920622871164,60864.42399336496
120.73761162938244,60864.42266587495
106.5985059410508,60864.42704913876
118.66032044511688,60864.42386720624
129.13121304872934,60864.42739548196
109.18369820269697,60864.42580185403
125.8950279459334,60864.422661441226
103.54380367432776,60864.424133463
111.75822526191193,60864.422327697655
129.39003909165515,60864.42560124902
133.68029411426838,60864.426028221875
112.80196356568516,60864.42515198458
144.7205522695452,60864.42216119813
120.4120050258269,60864.42228827866
157.58785468638732,60864.423695305566
97.6731394284482,60864.42485660152
116.86055054478967,60864.42041729645
121.31132102641944,60864.42280864026
119.01268100552059,60864.424309604365
148.9138936874443,60864.42407760014
142.75554918256094,60864.42385608063
139.4081092093505,60864.4238211143
170.5467613643101,60864.41965532699
102.69414641929626,60864.423784622704
138.1611832064283,60864.42196218265
109.66423860486515,60864.4244712441
112.39722868439713,60864.42386954728
77.40094201221835,60864.42161518702
141.45501986035686,60864.426456584915
139.89767935621586,60864.423821531076
86.58398342995062,60864.42423221273
151.65771292917753,60864.423072776626
101.57503921203133,60864.42626421304
139.29516387702412,60864.423809943364
106.14934429088072,60864.42318714932
141.22879530749287,60864.424438944385
77.716764879403,60864.42273883932
149.6591478694272,60864.42616924803
105.69065283431395,60864.4228036394
133.9783865034329,60864.423925817886
108.18279230580984,60864.42371454859
111.23023984692084,60864.422675670095
104.21066682490697,60864.42209376579
101.527038031536,60864.42172707668
110.31969169944077,60864.42414142312
117.90005178671831,60864.42537436443
97.14723531117669,60864.422690432155
108.85948998243273,60864.42520506084
86.78927065052255,60864.42364274143
147.28783445339494,60864.42601179926
94.11578124620716,60864.42198271775
110.18307963038177,60864.42512334041
115.30946476813072,60864.423351173435
112.98797823370707,60864.42434916216
106.89863574525121,60864.42258521814
125.88342548973358,60864.422670343156
72.58934489915234,60864.427180468105
133.23122297004008,60864.42270521663
134.18974961005443,60864.42550923289
160.3638605258231,60864.42229599638
123.2567985892782,60864.42420686347
119.10122457160344,60864.42586143901
125.74632779567341,60864.423280268085
120.90242704188124,60864.426270644435
87.8912873370796,60864.42417576307
109.26707910852933,60864.42293051916
151.0465130170084,60864.42418081743
118.12166744093442,60864.424780923495
149.29157798485127,60864.42215659432
107.8786742469162,60864.42176126697
121.14812295686363,60864.42232845164
80.31098088696916,60864.42352301518
150.05174733706286,60864.42218418698
95.90497124612683,60864.42235788838
98.9013046936583,60864.422582161365
131.0740738313508,60864.42335406213
130.64457544458094,60864.42329253893
94.02505385115194,60864.42172736566
124.49554494889013,60864.42439420759
96.17826796272854,60864.422313625495
123.85431770300319,60864.425551355635
129.58645577364524,60864.425281867916
120.29022507431775,60864.42460710876
107.17619284244789,60864.421804122045
99.96648045710762,60864.424023311374
107.02015644777916,60864.427062152376
130.10717898202176,60864.4268840389
118.2848521450634,60864.42478461628
144.43393159138327,60864.42204368488
83.11198727214752,60864.42214904374
85.55995049957062,60864.423630971934
110.39970616748425,60864.42246091708
135.9805809669865,60864.42546696984
145.08298170102037,60864.42025326574
98.62420924087293,60864.42422774823
80.32957865249614,60864.42508167605
106.92959785338063,60864.42378463879
113.42204137478005,60864.422041335616
174.6914875063844,60864.42335929371
101.96210944131921,60864.42391008025
117.6845082860831,60864.424631119975
167.50665975069253,60864.42392792284
136.3796154199293,60864.423907312375
142.76140557429045,60864.42264828053
113.69568965091823,60864.42490528066
112.73455024057597,60864.421276055604
146.75128926561186,60864.424103078876
122.6728413086096,60864.42447511035
140.88820841994232,60864.424045203916
104.38113398998698,60864.423959119384
110.46569788681963,60864.4262454737
162.21345822659748,60864.423171725175
96.05700346656648,60864.42288061102
146.43558003812032,60864.426256789804
123.2693749982889,60864.42485060172
115.47781319495265,60864.425345989584
113.36142610993763,60864.42344670906
134.71121349290001,60864.42532988609
94.90628164861029,60864.42437642902
120.56920783450175,60864.42313919159
130.9881542720748,60864.4251133215
108.56254062582201,60864.42379990561
87.74683514328592,60864.42248209392
134.93144416501138,60864.42210496037
150.756695899801,60864.42274204047
99.74205601271063,60864.425374613704
104.9780924238222,60864.422113022556
100.19549145565132,60864.4256229365
172.865198004697,60864.42292708352
98.36705620469434,60864.425538105424
122.80770604803637,60864.42508019831
146.72358930675082,60864.434499778545
128.15751858013496,60864.42168352648
111.6391282133686,60864.42431461121
116.43212302857603,60864.423568601414
120.88388270968687,60864.422827831404
82.9336722202698,60864.42491716645
142.1863653451243,60864.42503375553
119.31342019854644,60864.42218415913
138.42672605250436,60864.42476945704
72.43305804553104,60864.42325195365
132.40484949811642,60864.42330805491
134.86051528627306,60864.42377490881
133.80786308336974,60864.42494145708
141.16173151388872,60864.42209986471
136.78835210137493,60864.421370665434
64.30382741620713,60864.42440000744
103.65040848281579,60864.4261179621
125.08947753922878,60864.4227404937
116.223634362831,60864.42126615235
141.51449615729834,60864.422918746175
106.52189853076678,60864.42242677327
115.40578296345771,60864.43305590069
109.49723716950383,60864.42590781516
72.70821402743307,60864.42579631371
87.66374543857472,60864.42588033151
165.4407911980375,60864.422973532404
157.80173014971444,60864.4240440732
118.43450029076796,60864.424587963695
116.09910544967718,60864.42391967116
92.11335236521275,60864.42569531585
141.2136170819876,60864.42531750104
128.43874343150304,60864.42336272367
131.96353216666702,60864.42168380762
73.30531419534998,60864.42307463678
86.73464546927,60864.4237501474
110.4991868675147,60864.4224468109
94.66555347657689,60864.42512359098
175.01369239130008,60864.42439722261
85.8876621808948,60864.42392657061
135.34704206580594,60864.42336342125
167.2294348651519,60864.42227369084
125.34170354556733,60864.42223158483
135.78358473903657,60864.42532011699
136.49073243555736,60864.42427925897
155.57884452781525,60864.4247409542
161.34170051898445,60864.42666093799
118.68737392298631,60864.422956180635
161.67106452481488,60864.425327738834
128.4509621247339,60864.42470864943
134.4054056494533,60864.42206506785
94.7930174889511,60864.42358390216
130.8651351974313,60864.42439351786
114.12730468804604,60864.425253270565
139.22943217211434,60864.42356609539
88.82075979413975,60864.42424487705
112.91361869446143,60864.42527309798
92.4751442491192,60864.42486079893
105.6064770408472,60864.42544896791
110.12469524565367,60864.421441410086
101.98255519075535,60864.42583846144
103.41561488699804,60864.42649072134
112.14583125265884,60864.43434939427
147.85877434163447,60864.42368048627
103.19589034139705,60864.42177764911
141.93839537619877,60864.42466981214
123.5352981028559,60864.42354410082
88.10985514890851,60864.42457316448
122.40898872197802,60864.420098870585
128.92970640148204,60864.42297392337
150.61704598393902,60864.42314759695
122.4850497537777,60864.42514427224
147.7093314141044,60864.42412016203
74.60607770357446,60864.42654031535
117.54842503110551,60864.426899641454
152.56036325072955,60864.42473631103
164.14292969754538,60864.42758529273
97.06810201344607,60864.42135886929
143.21902699782757,60864.42467183022
136.321324548154,60864.42278642585
106.0894839550673,60864.42313159782
150.97657307973034,60864.423590788276
109.55177845543075,60864.42525540932
138.06425585972966,60864.43597446171
97.91951732636208,60864.42261713971
122.99732696967631,60864.42326657614
80.93013862828097,60864.42459185973
94.79054915196312,60864.42368285213
140.98894663667176,60864.424254957245
142.77884673306596,60864.42149646626
144.53803390682964,60864.424133225635
114.96381890129247,60864.42321525929
113.70251466391879,60864.42452897676
117.93639651251358,60864.424094869835
129.89797475013359,60864.42020865232
104.67335980072899,60864.42360313165
117.47783128907106,60864.42619069656
118.51597328716667,60864.42626870875
153.5265325858242,60864.42499410777
96.24623967443077,60864.42402681754
116.1485332256061,60864.421260370145
89.02505555378846,60864.423589757855
126.40754666949091,60864.438541341624
140.7133664993416,60864.420891523594
111.12490386527222,60864.422251161544
144.2574165027485,60864.42285362761
76.12595171874565,60864.42433571283
127.44028837182131,60864.421592752675
125.84685922041331,60864.423981980435
113.50609358890064,60864.425418364386
106.71912538153235,60864.426014846526
136.7695843393658,60864.42346195418
102.62636000951906,60864.42435251255
141.4293409551028,60864.424953778675
118.61132855278872,60864.434627752526
105.57507946286272,60864.42363873118
157.73622859960662,60864.4224406315
103.64688058359366,60864.42502210522
85.0302393451449,60864.421173957846
112.14015250991433,60864.42448405957
106.97328141392039,60864.422722480784
126.14684540193863,60864.42607358544
132.32510059598982,60864.42396100271
100.420429314099,60864.423944579234
141.08969957703036,60864.42508547748
116.86725061882738,60864.42257647659
137.2710275682179,60864.42363240986
93.81364514887791,60864.42635145727
122.08026067361702,60864.42304662312
98.56845635782281,60864.426539847234
133.89415579030705,60864.421975911726
122.57560091727076,60864.42408151445
115.85872108135617,60864.42234080421
103.30030073615825,60864.42490592083
122.90998108525483,60864.42116704348
95.40614970857793,60864.423343484916
126.49295278001443,60864.43619133263
102.10745752783757,60864.42368139081
105.45627577891635,60864.42602340486
96.43775501820727,60864.42562826698
101.3430940944242,60864.42655636965
125.8993807534576,60864.42407341258
132.0426459120253,60864.42450568966
85.74893921344673,60864.422580011866
105.3529809085122,60864.425554409914
123.89709070732829,60864.42310556591
125.53959205356121,60864.4227846551
74.71088888462582,60864.42281069232
100.91959700195656,60864.42193498402
102.33979281563536,60864.42378898789
107.65588932985114,60864.42324333046
121.80650081625565,60864.423285176665
95.73895206150205,60864.42292451036
125.75565906853308,60864.423457158155
138.90338986757112,60864.427720274245
65.265293195184,60864.425985200294
121.1254818388049,60864.423917371394
157.35066005715998,60864.426479382535
119.84099877980255,60864.42553224916
98.37847568438217,60864.425958733904
119.78524646683427,60864.42450586648
139.37614565138227,60864.42509554331
126.26676378847836,60864.42256073395
133.9567351135549,60864.42482408749
100.69211861378908,60864.42519927435
77.75515650047858,60864.424720290284
97.43216178541661,60864.42308356692
126.57566043174873,60864.427207979366
130.08807836715744,60864.425481564074
93.97328967459696,60864.42281896129
126.7877059134698,60864.42608804758
130.06405335683755,60864.425516267125
139.56219635921443,60864.422538808765
119.43808921457386,60864.4261035085
111.65513230277693,60864.42146081991
88.4050443544699,60864.422436210785
141.1192435650197,60864.426553353354
118.73204259445713,60864.42354644237
129.89477404879648,60864.42403925296
86.7080666435395,60864.42126865252
93.76911332112785,60864.42472495241
107.63355658237641,60864.437741963746
103.64864705546124,60864.42363269237
72.61799787653104,60864.42342036977
149.2544320533935,60864.426611398536
111.57223448769903,60864.422787808486
131.46329978433914,60864.42306440706
75.50333648319763,60864.42680537831
113.2437783710664,60864.424897690405
168.0266435492496,60864.42347772799
133.46112963801667,60864.42565127668
137.80579851457617,60864.42149809316
126.80074222278,60864.42275154327
163.44375410230555,60864.42328722035
104.30082021710795,60864.42603851209
86.87376121516876,60864.42619994435
98.26828296751606,60864.42241720199
96.7466308027708,60864.42556329024
108.55685664925215,60864.424014738644
142.15267405375693,60864.425689202624
124.73306196072228,60864.42410676486
136.9549622532139,60864.423080105225
60.986451948460626,60864.42362184243
124.39480615226339,60864.42583712073
122.97277637144123,60864.42059462816
101.43952355390773,60864.426250049895
150.2933676808708,60864.420863645384
137.4047429885508,60864.42255514768
130.01712762434633,60864.42598639678
131.92003098305366,60864.42226314482
122.1394748236585,60864.42546751743
132.8013445564214,60864.42275158133
108.96606264877444,60864.43545651855
71.51147531506761,60864.423073486454
113.41309475096338,60864.42367252607
90.80728960934727,60864.422641934645
131.43033149236547,60864.423099319865
144.09368081560123,60864.422906360254
119.60311399699773,60864.42722279597
144.19595982576186,60864.42399350733
86.4401850409103,60864.42667415844
118.27324254078661,60864.42144858783
121.19369798596948,60864.423604533855
118.27823544824106,60864.42291503789
121.86975135883839,60864.425418518964
76.73649625072393,60864.42611558846
145.40186435896936,60864.42692151516
120.03014438150633,60864.423269300496
112.78028240029683,60864.435135993794
96.36449165568203,60864.424546655195
101.64626286335968,60864.42446524492
116.52725873472345,60864.426298766484
106.70098011784646,60864.42561942635
132.04621367244195,60864.426331813396
128.23315838882175,60864.42288181253
90.24813324933085,60864.42321119639
117.79257694765768,60864.42261497023
106.92428311308589,60864.42460768407
88.24646185123824,60864.43661972477
139.66375471951224,60864.42483488383
109.57683077466825,60864.43560278403
122.89991281376822,60864.42530768716
151.7491473887595,60864.426367680775
132.30262049522898,60864.42379692909
63.958140240295506,60864.425293196495
86.11575897524023,60864.42246247075
131.1322991069718,60864.43546290537
130.9869368891424,60864.421424844986
142.660647282448,60864.42459796556
81.91476065659049,60864.425419026156
140.17492786937035,60864.42234537663
121.56722184617782,60864.42449422028
115.72694501759676,60864.4243621938
143.398825281037,60864.42477848947
99.92410821685692,60864.42444853125
145.78586548181008,60864.42580993532
107.17274034030154,60864.42283633766
151.2681190958126,60864.42586077875
137.39993457581497,60864.424880498154
155.51739728029355,60864.422747016004
93.62066324077641,60864.42183696377
143.87079902409903,60864.42415495731
81.15180732556789,60864.425297215996
144.13646309514547,60864.421540373485
138.434833443497,60864.4235757057
149.86597132757052,60864.42472209628
64.18597966359316,60864.42280900285
87.67681843698195,60864.426007031376
150.6300896013701,60864.425538479925
120.22382526161965,60864.42280464082
133.86345167966428,60864.42694142717
99.85958883564813,60864.42483661604
127.49159473836197,60864.42248531977
109.11284362959785,60864.42433142211
90.1899136150451,60864.42662461598
125.7973935656898,60864.424374568836
137.3810486757291,60864.42257533322
127.17933834369911,60864.42359761044
158.26467371156497,60864.42575873378
116.53430923784866,60864.42453781902
91.47824371998634,60864.42679538498
116.28612367414469,60864.42330744038
99.99328636148879,60864.42401072927
107.39430722832792,60864.42269536767
114.20441374075706,60864.42312156716
115.52771164966732,60864.42517686601
118.33176356746904,60864.422312160204
85.11355675638869,60864.42436658947
129.98666089122696,60864.421192161164
89.55019157178967,60864.427852056215
117.35878331274898,60864.422172580074
90.89786619607383,60864.42231485637
136.3211413856133,60864.4253161938
100.58610326309794,60864.42351214278
153.15375799066726,60864.42363440371
114.17430302202406,60864.42457506496
112.61888549147196,60864.42316081071
87.71582203653928,60864.423151086514
122.41309875923044,60864.42516815763
98.75420834982421,60864.42683750909
123.3055363298145,60864.424436280184
101.27384184061822,60864.425168685644
108.05867949688636,60864.42402042604
102.12856206135481,60864.42409032204
113.2263331049875,60864.42283532761
135.87119596508728,60864.42250439069
99.28609465542472,60864.42651445361
112.0687114354184,60864.42322608942
108.6946761084573,60864.42183424478
166.31135199356055,60864.42322366294
131.59748250179396,60864.421978204315
122.89915988480358,60864.42301319058
123.16126093620767,60864.420989858074
87.50897961829301,60864.42245281499
155.28838482599903,60864.42521807868
158.05895435473724,60864.42203328294
103.18335698245504,60864.42623999664
117.27781941080488,60864.42456077107
71.74483448544662,60864.42218988756
105.80242511548123,60864.42634614459
107.41347229018912,60864.42042086112
85.22945679099179,60864.424096897186
106.04815963348587,60864.42310156474
99.60283950604385,60864.42355665934
114.2720945589031,60864.42319027603
170.46842573095287,60864.42347864611
137.27811062388562,60864.42721913372
110.74537165029808,60864.42660011778
133.5337580699242,60864.42474813161
138.87621482797363,60864.4217948973
131.6820328736121,60864.43475465704
104.33316928661047,60864.42434139974
88.96015579990194,60864.42267156391
137.47793550307313,60864.42050150905
98.2723343203841,60864.42342652135
118.12068325580391,60864.424071754285
103.40925263697721,60864.424830169635
160.80261469122541,60864.42373395344
112.57221801602482,60864.42390037693
127.46733421147876,60864.423764800995
97.75720209011195,60864.42382178552
106.65338679864028,60864.42365662171
118.26632263762875,60864.421455180476
96.48831031253154,60864.42495024156
91.8417373822355,60864.42202210976
130.36350828170643,60864.42302464462
93.76783301776366,60864.426146332116
139.69609896753158,60864.42578175852
117.37449714953854,60864.42340703372
127.24079588982383,60864.42741968559
147.4625787488173,60864.42690262727
91.36813468279664,60864.42713648445
147.36943316316348,60864.423166804925
83.85286560046829,60864.42412742745
58.2642275344505,60864.422195714666
146.47349729764406,60864.424952633264
144.66268854054502,60864.42431042627
105.0864263167974,60864.42523424204
87.26861367326761,60864.425956387364
134.1201272855139,60864.42336993031
135.9447761495403,60864.425569256004
151.04214821303574,60864.42509249714
155.3349453614662,60864.4237896364
103.03500015485476,60864.42548893215
129.81494420377072,60864.42170550714
108.54957612801776,60864.424417971786
146.99305259425145,60864.42196427981
112.94880859805816,60864.42380978393
144.8121932704414,60864.42540456486
128.64571365821425,60864.425033776984
110.30463164278198,60864.42471104785
132.37524877702356,60864.423583030795
116.43601239969131,60864.43463059808
97.38807658767124,60864.42480139667
122.82507623712725,60864.42363732949
92.33817442079942,60864.422670082524
128.221859749942,60864.423899368085
106.06136700252664,60864.424372217676
133.89625607616787,60864.42539028649
128.78794937775956,60864.422768265606
122.97443070043276,60864.42516999064
122.03590256884712,60864.42506303401
133.1724742259244,60864.42385359679
119.39357535033048,60864.42170232806
105.28080956233597,60864.42338822741
112.34885245515083,60864.42724033454
133.60772787948977,60864.4222048238
147.77357228391529,60864.434925340414
146.63509197452223,60864.43708214488
92.02226598304065,60864.42761700342
164.39288148523198,60864.425987457646
121.15419314790948,60864.42798739804
116.38464907638627,60864.424638667304
129.06130839120755,60864.419922903086
69.7847500667002,60864.42301296863
96.41876467974014,60864.42203723705
85.38124815098922,60864.422486680756
117.87828752543784,60864.4233912565
150.9453860352252,60864.422031137314
105.18125323917893,60864.42149865308
108.48849909407011,60864.42165294624
130.24594842346437,60864.42188530198
131.05836882021188,60864.4233392022
140.43796580330346,60864.422701038515
113.96789798449448,60864.42076498669
114.20423367012062,60864.42433622023
98.25794034114901,60864.42464352583
105.9679756655893,60864.422651007415
92.29126991574134,60864.42399503103
118.73434526363638,60864.42189281421
149.4774766483756,60864.427027110614
110.19562351372156,60864.42440936304
80.16650729674417,60864.423055534666
96.46861009763597,60864.422492714555
134.99335219877491,60864.425038588524
100.44641788779526,60864.42355786581
114.63707123952554,60864.42296242459
117.64293568900544,60864.424053159346
126.85576009044563,60864.42437486305
129.23885140029856,60864.42336780645
130.70096244830012,60864.42714114121
116.33954654573596,60864.42568860283
108.5965593511865,60864.42277324444
117.89974219334735,60864.42584843616
145.06326399605865,60864.42513149185
127.52034035937635,60864.42259744366
117.19394802113052,60864.42411791623
107.75179542936799,60864.424643777726
128.90418849328154,60864.421348503805
112.9557295352865,60864.42523116032
120.13665490579491,60864.42443390544
126.08406500584373,60864.425267617014
113.20202847264436,60864.422294434975
112.36289274901361,60864.42444344227
89.21397106477602,60864.42282122897
121.9758451827602,60864.42220781699
127.06718623782169,60864.42442655188
104.00452508456466,60864.42430433772
109.18392386641482,60864.425282017066
114.75217308326006,60864.424413040586
132.5336977390239,60864.424251799115
91.58016596015229,60864.421939154745
138.7777611732805,60864.42632671237
106.92819242528624,60864.42346640011
121.2220780982527,60864.425992065946
146.1363302629724,60864.42305222522
110.37328414686156,60864.42257556571
78.48934701345333,60864.42752386172
114.31903966232849,60864.42354805795
155.95988455941352,60864.425052457635
118.38075809566368,60864.42165466285
92.89535499570114,60864.42417225858
129.2296194405292,60864.425757576144
121.23471696301232,60864.4341132656
92.56178292079892,60864.42358330286
148.99734416455087,60864.42230138188
102.4575453336848,60864.42597213275
88.88907356036084,60864.42558797227
176.8454973771067,60864.42170143096
129.72830302777746,60864.42420691709
88.10991336322681,60864.421078076586
120.42702490332596,60864.424435467816
126.49206777798857,60864.42323299403
98.28933761108337,60864.4234621749
121.1703508344409,60864.42398218709
155.02726382269847,60864.447634335214
113.89118073234152,60864.424825580594
132.30683679461956,60864.42287932366
141.08997774767892,60864.425602444935
148.44324339692565,60864.424459976064
127.66014488532564,60864.425775280964
115.28246639665211,60864.42135148886
120.4500582927405,60864.41974838158
179.2783809447078,60864.42447912336
78.61594980546707,60864.423072115336
113.04105050523187,60864.422564752924
116.01258161809695,60864.42477535406
114.98599216024922,60864.42290406579
125.05470501937037,60864.42409049559
95.84630905614534,60864.42291157096
150.85087893384622,60864.42526469629
121.183482832494,60864.423535921844
120.53285118860472,60864.42516728418
128.13757164091888,60864.42499432762
117.87615097998352,60864.42394630831
133.93834315725957,60864.42462010576
74.07125920148829,60864.42176639294
101.44071986393382,60864.4243869264
103.40414507534345,60864.42238065604
88.56080005613492,60864.4267109221
80.59617878539629,60864.44441675984
113.77744188146475,60864.42243697578
111.02343526500374,60864.42237724155
93.22252969678244,60864.42334005352
96.61191297551696,60864.4243770384
112.0131419435498,60864.42319786989
107.14993132145743,60864.4248236455
108.30450189271127,60864.42563538649
109.3036152151507,60864.42492049307
96.96941202315789,60864.42534251268
139.98642333401406,60864.42424576758
117.2647215293472,60864.42658899056
127.96273862815308,60864.425212898816
109.24280666851244,60864.42008193515
77.54828482082083,60864.421907516284
140.36244246661548,60864.421694220095
107.5885535064987,60864.42519806843
97.80450151696861,60864.42445103956
87.46754262242479,60864.424488074605
92.52545865909698,60864.423599645495
124.747218865521,60864.42666167362
118.4610710210585,60864.42314173365
116.20557229824112,60864.424902200524
105.05825857028462,60864.4234909004
98.78719730309908,60864.42538703189
130.83372142226926,60864.42348959878
81.47883883184478,60864.43559326824
138.22035118402928,60864.42374300267
132.2336699045731,60864.42368389424
94.52371847261672,60864.42259543009
105.63721714313128,60864.421310797276
102.89687170513227,60864.42331275335
80.87995613314584,60864.42267465283
83.88536494714927,60864.42142911347
105.52008698396705,60864.42515962062
81.97298055970408,60864.42446042172
123.03258599303588,60864.42423737052
94.15099068866675,60864.42140042181
132.2286205247383,60864.42513548296
141.43163387675472,60864.42479027677
116.21009298433653,60864.425702705536
75.14336303261315,60864.42389687474
96.10062210192922,60864.42255553596
148.76587021619076,60864.42237732995
83.49102752432171,60864.42240020717
126.9149224497618,60864.421907188924
139.1688243737195,60864.422047331995
152.6042256198187,60864.425809793465
121.19128193014073,60864.42441317045
87.06349766481087,60864.42117500538
101.80064911978836,60864.42500847936
136.20152049862196,60864.423432049676
126.99713697973762,60864.421780011646
132.4460394065906,60864.42503145307
126.21764950139155,60864.42281681015
122.39139880906372,60864.421752784794
131.01709919084846,60864.42534268471
98.53291119956377,60864.42232111906
120.62093428674413,60864.423875368324
139.0002856906562,60864.424683994745
136.58617640438,60864.4212533067
125.29862315596837,60864.42790493553
122.27881752159944,60864.4252829462
107.32418878779575,60864.4249715927
119.45409393173334,60864.42138638313
114.17502156674928,60864.422955384674
123.5522962435016,60864.42425058297
125.75061637574355,60864.423470525835
116.11403259277137,60864.42523537852
122.34576115845059,60864.42451067352
93.30435243947836,60864.423197674914
110.50601579290692,60864.421779298886
114.12827406353782,60864.42587752829
110.12738955177694,60864.42522069194
119.69952229683824,60864.42473374814
115.08541272998963,60864.423644568174
102.07809911877865,60864.42181378158
132.67891460234247,60864.42409794308
96.30777873338705,60864.42432982626
106.57472101507723,60864.42368108425
124.78949688765763,60864.42576256632
118.38054137239772,60864.42150437764
82.35513439976724,60864.422908088076
128.69195084922654,60864.42274701876
82.32472655547092,60864.42342556093
108.19190247082182,60864.42477391831
112.45210592911614,60864.42342607887
110.29966501740113,60864.42215783544
162.72104991924888,60864.42430093424
131.42789031375614,60864.42324846177
110.98175053169163,60864.42608417794
107.85400276029684,60864.42361705234
98.14254953225569,60864.42250771947
128.18011050427302,60864.423611030485
151.7081481548738,60864.42137983119
79.04042181059349,60864.439023906285
120.60879731966867,60864.426947009815
120.59519664675442,60864.42272484951
137.16996236544375,60864.42212347617
129.81943614142742,60864.421820502495
144.016586450491,60864.42287356961
112.89109812107652,60864.42438186192
98.18368390122548,60864.42329963216
101.46835995984402,60864.4267209793
122.3359934639469,60864.423976878745
124.21104168845531,60864.424530248914
110.46687768700359,60864.4244947317
124.30711580762498,60864.42205615091
131.7072644889281,60864.42423370604
84.1351757355195,60864.42630225124
90.84020626973874,60864.423427182446
162.6097606807967,60864.42555268229
119.02738434222975,60864.423444232634
100.89204651612113,60864.42427743162
123.63041883349757,60864.42486306808
100.07787147069749,60864.42695578221
101.87351855598631,60864.42217419517
108.04888454569148,60864.42249693393
115.59848372431055,60864.42686097084
102.0202441513436,60864.42443528125
85.77387157997889,60864.424149344595
84.46563344291961,60864.42634991205
113.44113700602442,60864.436058792024
86.64929090864113,60864.42685875449
90.00992817536519,60864.42503483816
90.42789130094123,60864.422301858765
125.64541592876408,60864.42266572849
123.69055012770588,60864.422859697734
92.97551407471741,60864.42724142228
107.00966899589531,60864.42197109737
157.78060088870032,60864.42580097945
131.73726911558066,60864.427354289735
119.32865121265617,60864.420934234375
119.74395041002046,60864.42476545175
102.54155533559872,60864.42503657007
102.01602182435998,60864.423780473444
142.17636003449468,60864.42392194652
101.7477879309839,60864.425120193526
126.91880218972055,60864.4218115241
124.70251404517307,60864.42241981983
137.03700758397463,60864.42647943109
85.2966725175735,60864.42379448459
126.92545523505544,60864.42629318472
109.69968585249015,60864.42114243495
102.1323010570732,60864.4232218944
118.70946031581535,60864.42319907358
96.63690669420102,60864.42272151031
121.1526396433876,60864.42494923576
131.15001530290334,60864.42396922945
156.3731041818439,60864.420453832674
113.63953204750806,60864.42592124802
175.22528667186793,60864.42313464927
141.74938724960342,60864.421645757764
131.1043883645714,60864.422907968394
105.66288279532418,60864.42379811753
77.90894003009231,60864.423957059655
121.55121076755469,60864.42311898531
113.70414044618425,60864.425175570046
102.4352240586895,60864.42237390272
140.83966989371785,60864.42221151593
111.86287662602746,60864.425341463815
100.88842850932582,60864.42406105291
99.69077261541564,60864.42319263848
143.77016077110602,60864.424890920694
110.91355805022899,60864.42676422926
110.56881698072327,60864.42427040361
110.5174116541432,60864.425019507835
118.36124180100556,60864.425548861844
114.81622155282514,60864.428138828254
118.31187959109324,60864.42761084707
107.58106878553895,60864.42517631644
135.52002299723546,60864.42573411346
173.29960636684922,60864.42543707687
129.97758115050726,60864.425341445996
94.8589841660409,60864.420818348524
103.52778749421684,60864.425218705
116.86910966224737,60864.42405619707
118.0497597974241,60864.42298060103
110.52454545913838,60864.423513374684
65.00900687927552,60864.42512645943
145.6363320151005,60864.42784673273
106.13715290909124,60864.425108467476
111.05848700373355,60864.423316400644
133.2441216422638,60864.4230633776
114.80486829645318,60864.42624570366
137.15004952572843,60864.425286319936
105.04175872422819,60864.423498086115
113.14380370712375,60864.423580516195
117.14179203103873,60864.424791069534
113.00113704773275,60864.42410483181
119.60395737803671,60864.42800471456
52.195306272535355,60864.424117747
96.90333757175199,60864.42249237689
89.89075205586005,60864.42157140965
131.92609779307156,60864.42742810871
144.11941272911983,60864.42138463399
136.62438376623192,60864.42291038722
132.07828686447502,60864.42417670599
113.31261208940442,60864.42399209226
94.45692126842144,60864.42734807593
165.37587259193035,60864.423335316314
126.10641928049768,60864.42401947347
101.37421298285139,60864.426354286996
131.98932981394168,60864.42521887015
138.81904050052162,60864.42409474009
117.44453638117031,60864.42346479572
111.85353348688389,60864.42424106449
112.1017325097104,60864.424192986895
124.99724060291477,60864.423727722744
86.78718776983288,60864.422966677295
118.25700433356388,60864.42226370523
100.4074863462113,60864.423021613155
121.70908157360488,60864.424153049884
80.12009664996283,60864.42074343901
124.94626872586053,60864.42863303921
132.4593224933879,60864.42436035583
119.13847996472126,60864.425670544995
128.41341970018718,60864.42639867577
128.50704094064807,60864.42361327473
88.39466548165547,60864.42153383888
100.8592087529213,60864.42548532177
139.77439443905098,60864.423028916244
91.18798846357866,60864.42164507943
143.66154127967303,60864.422565517445
96.87458594158669,60864.422301446335
132.38495141837453,60864.42258191233
85.49816595707985,60864.42428637355
158.12699463268976,60864.42207380565
75.82153372914348,60864.42378843015
159.9887297518277,60864.423145298424
100.75031743887119,60864.421645723094
114.58247914006797,60864.42434293838
101.72553372801877,60864.43706390095
97.14709388798262,60864.423096511
133.7900791738733,60864.42406128097
118.82674164893176,60864.42567203284
118.08497320542111,60864.425876969384
139.86744188423623,60864.42204680858
105.44595248236043,60864.42143875685
100.82339213382514,60864.425618382804
140.8326988253052,60864.42378555923
168.677345851749,60864.424539395695
119.53118926916623,60864.43482584288
125.77126205041557,60864.42213094864
136.97908886398992,60864.42256128149
112.70513797049269,60864.42190120624
131.33610144553583,60864.42465575307
110.1618772424695,60864.42501463366
112.59498991753019,60864.4248582808
84.23943447136763,60864.42176889229
114.35433303922343,60864.42578145769
104.21860895262873,60864.426884724184
109.25548638703543,60864.42505678214
108.68474353726343,60864.42286861524
146.6236965877216,60864.42261974834
125.65807717291642,60864.42507240077
103.44193652430151,60864.42249615517
99.94577598115521,60864.42555396758
81.9019661487803,60864.42430396914
134.29187125964535,60864.4230772682
122.62608206334085,60864.4237720325
120.35531768434521,60864.42655642899
81.05781215372346,60864.42332733635
109.66041188923828,60864.422968043735
162.51318483348666,60864.42476055803
147.3065192787813,60864.42475883426
95.26441758184178,60864.42538407379
117.70649066703882,60864.42297808823
75.1520994582085,60864.42749422954
131.63800727926457,60864.425016646346
158.2952526427795,60864.42360240911
123.56675821890175,60864.424473872416
92.60892921094408,60864.42366297135
119.14793503957412,60864.42369505921
108.0337600552122,60864.42595374782
110.659820483261,60864.42373530494
122.48490954718186,60864.42278639801
105.13022618532383,60864.421794134854
136.58702746782362,60864.42077846641
107.20240092717209,60864.420886118205
107.82132977194125,60864.42515699284
92.19276033334187,60864.42033243819
140.27200467772337,60864.426171588595
131.1408372630986,60864.42607277892
127.08001909539118,60864.424960558834
95.2708968779371,60864.43319628077
124.91084092209603,60864.42492177393
145.99978849392033,60864.42426017599
113.9690712216991,60864.42415891602
111.42533977811496,60864.42380673142
96.38029698257112,60864.41987069957
149.5619346870696,60864.42368518779
90.92734411041904,60864.42151097538
118.10014896162062,60864.42437998513
108.00634552860012,60864.42328627489
99.19716066907499,60864.42640058632
102.09273890602631,60864.422935251394
116.26234647814401,60864.423262980046
121.39950644254074,60864.42587807017
102.73503027230242,60864.42530949063
157.4008068952096,60864.42186543377
109.39841864236098,60864.42338560237
120.50278136149947,60864.424106483166
152.0360151942681,60864.4262062724
121.06449423020027,60864.42588678093
128.479560475234,60864.42422245766
140.79761084718496,60864.42329606391
114.65551502145944,60864.42462448355
145.0680014115356,60864.42332638075
149.45271827621784,60864.42356473275
161.49297118956005,60864.42140350419
141.49161247609644,60864.42396071364
138.80771565336434,60864.424790259574
109.65687762418361,60864.423830184875
156.7530217419426,60864.42508488543
114.56083222460528,60864.43787207928
26.077254144566734,60864.4265000917
119.27243931545011,60864.42591759367
94.46988465087838,60864.425579192895
102.6263978463256,60864.42330346251
81.52974516585599,60864.42433119195
49.380422717522016,60864.42335935455
129.40373407554088,60864.425268548715
79.13187314608226,60864.42489825709
122.29236658804798,60864.42419532994
108.49734000333834,60864.42474790402
123.23361889360586,60864.423756148884
124.36213067351234,60864.42525769368
108.24706462553515,60864.434545915334
102.55198007996755,60864.42612323536
114.2168354464455,60864.42534600129
116.76002318919134,60864.423747626
114.69259652514818,60864.42573825331
45.06657662580836,60864.422841875
115.57678151824464,60864.424368467386
112.20959563044055,60864.42562183942
98.22500073805394,60864.425296950096
98.0711666962817,60864.4241936087
135.76902628358266,60864.423948206706
89.03102245913324,60864.423666239425
147.0616459740473,60864.41969915014
131.41006277933522,60864.42558861373
118.30097764279013,60864.42311206283
97.69955404989855,60864.42302082806
120.03128928243427,60864.42479564528
118.2574944234598,60864.42469836915
87.86674738750172,60864.42286872182
77.96180321408848,60864.42340036299
116.98975308070995,60864.42290787789
121.02620140793836,60864.420355507
106.49564030155919,60864.436225144294
125.35199418336408,60864.42472185078
114.8452062480183,60864.426093043185
134.31542776289285,60864.42584721922
144.97891063023476,60864.42391664101
107.10763220735475,60864.4259415308
128.0880751397811,60864.42479094549
147.66286649705674,60864.424324404245
116.5130232816767,60864.42196231526
96.91539390938715,60864.426111963156
145.7158299240148,60864.425824817685
83.42538556857458,60864.4221554081
105.35793277283685,60864.422421608695
175.35029275555095,60864.42331835186
112.58983968386163,60864.42333721166
121.89858495449603,60864.42627682939
79.96437879187897,60864.42304153977
145.62374935753544,60864.425521459525
112.70214299050066,60864.423456469216
113.70059190801683,60864.42420904225
97.94592367479413,60864.425354674146
64.85886559099964,60864.42125137664
100.18013799274974,60864.4237748173
151.17498275610873,60864.42605671563
100.44545971071562,60864.425262079974
167.3689266711657,60864.42608607136
121.96612354273395,60864.42475035459
135.09955871815103,60864.42406488494
139.76026406603842,60864.4262671106
111.66654631259736,60864.42138839887
136.17532192564627,60864.42308954106
72.84782015810562,60864.425407038856
140.86318751745455,60864.42221423102
132.18032675237922,60864.42610208128
89.60448608399254,60864.424031585404
98.07812891407961,60864.426298406404
130.9543891447775,60864.42395493072
177.485260350797,60864.42498716319
69.59249845130198,60864.42473080189
133.5381133604617,60864.42413638681
129.50943383916373,60864.425572093234
121.5209101668064,60864.425730002185
134.0980806136251,60864.42530983045
159.07135459720033,60864.42122867562
123.67053406030175,60864.42245851386
100.79089049274184,60864.42681262908
95.17390687457068,60864.423999639585
123.01024587862481,60864.42344861379
118.25251948310346,60864.42342581035
88.85957304537021,60864.424170409344
126.66533116120982,60864.421557742455
113.07183921859139,60864.42527152845
132.80133053050895,60864.426186251985
118.8211225890548,60864.421865615026
142.32711219327712,60864.425610421866
117.6472671329794,60864.42421039232
122.33643695012901,60864.42673239047
124.41332357734187,60864.42564626983
141.12839514966694,60864.42489800579
97.75409829207739,60864.42427164929
123.16520671000518,60864.42364478465
129.10353411293622,60864.425152963464
112.43579307301941,60864.42338371219
135.3809615454652,60864.424265260786
125.2064488336277,60864.42503603352
103.21259823120951,60864.42678169495
104.6843532073774,60864.426148203325
123.80236618710612,60864.424717842776
166.41508229281973,60864.42506304696
136.36054569078456,60864.420994589505
132.55481425063945,60864.427529181645
105.50756604055991,60864.42300364706
83.14129192393743,60864.42222490773
124.77353813088546,60864.42160099978
122.98253548005225,60864.42434275911
115.23596569828342,60864.42486182341
124.91109052722283,60864.444734888
137.22918945043259,60864.4234937866
132.5738140407115,60864.422380733115
132.25928977813854,60864.422429222206
153.93426585154344,60864.42360819799
112.66845424937677,60864.42610409334
110.78922128619001,60864.42321072066
114.71008389819028,60864.42169170912
103.55787810148612,60864.42530234225
111.9578736565166,60864.4244239607
122.48561499208577,60864.421946879
132.08421697847461,60864.426169150036
115.18409361058272,60864.42669407623
127.59142122823272,60864.4218695557
107.17363009528619,60864.42675650132
78.71449063663204,60864.42238052882
131.16276689520245,60864.4237975936
82.24181169920794,60864.42476048139
171.1338313165356,60864.42467009992
68.34171131702303,60864.425815266484
131.13776445048342,60864.426322686144
145.00822213266844,60864.42363631009
128.89310389680057,60864.42227385104
160.9086587387504,60864.42358361422
102.7131671580986,60864.42266941195
133.22591493681895,60864.424677680145
95.12996007511956,60864.42495964408
127.31584008751388,60864.43537797512
125.31849200025214,60864.42572009797
131.33356384365982,60864.43740398239
119.36539964232928,60864.42567571306
88.01709167159973,60864.42680401184
142.9965876550887,60864.42522600284
112.48747866599408,60864.42425585434
122.48153796386694,60864.42632346245
116.35912897676351,60864.42353188341
155.31416994878563,60864.4217225239
111.43024830097214,60864.422906008
95.53541410560214,60864.426551645185
80.852658749063,60864.42482461053
94.93274247803068,60864.42355681537
102.44243179032749,60864.4250145968
147.76846572911018,60864.424711664375
92.36713020772791,60864.42460942305
145.8957354183703,60864.423715106626
110.78037332886551,60864.42567147736
134.92958608415697,60864.4228588235
97.36900193063673,60864.42403144213
140.83571720966208,60864.42526349551
117.22908743692135,60864.424393143294
117.00141248250247,60864.423019851405
86.06545074666747,60864.423225381914
105.07560841163637,60864.42382116014
157.1033203041053,60864.42385163041
72.60426561136309,60864.42484968537
93.08945735882112,60864.422928854554
113.16310025242505,60864.425046210454
131.3739910573532,60864.42601583277
90.6895799219886,60864.42436425514
91.69066714425713,60864.422730514976
121.77028489901433,60864.42571870974
136.29741470752887,60864.42513769395
94.40876533864191,60864.42471358501
161.26467767252257,60864.4225668566
133.8217290540905,60864.42588651248
76.65625369633183,60864.424862795306
137.16744070487127,60864.42548768879
142.45899630917893,60864.42506943778
135.57770013061696,60864.422130460356
121.3483649758712,60864.42674319245
153.31701300436586,60864.42384389898
118.99888824953182,60864.42701552986
129.0668607211332,60864.42328573446
130.0149423799174,60864.42463659101
128.19128046294122,60864.42619459437
123.4567754725886,60864.44014329163
85.82669586334634,60864.42374098087
141.2576663032608,60864.42653232956
108.15897640410704,60864.42535325293
93.67340824377295,60864.42024699641
96.16100843272662,60864.42573783838
119.22166055880193,60864.42482350485
129.8141015798179,60864.435616238654
87.37763777067974,60864.42455268202
136.5979106623683,60864.42323706403
97.71460399157523,60864.42268565974
112.36228327104433,60864.4218864031
104.56857318874113,60864.42279409373
113.90840760802445,60864.42689518769
99.89033666782709,60864.41955059886
131.54994957086646,60864.42456671845
166.3891787764515,60864.42256094226
134.116555498545,60864.42190617866
150.55202266919648,60864.425895031956
121.43794059321081,60864.422679119976
123.33924023668928,60864.422848073606
132.8080980072336,60864.42481805887
129.7322745661213,60864.42330340426
140.6284038378579,60864.42342261786
137.43261526985566,60864.4273109018
124.88999874663904,60864.42645402072
88.3895158246072,60864.42662085912
136.28451475286968,60864.42756676398
93.12349457089447,60864.42635199633
92.84060175107075,60864.42601314225
146.15113576778322,60864.42597838444
136.20943685320424,60864.42308383725
128.5993303076612,60864.4233805523
77.43156637613058,60864.42279070594
105.49794088057024,60864.422965376725
106.55155763763614,60864.42582920065
86.76848985043634,60864.423146134104
110.96166217214592,60864.424808629454
98.67590671648837,60864.423537141505
127.99466058727204,60864.43651210196
101.1354298498515,60864.42232369772
98.06317779576706,60864.42513277579
119.3499272799272,60864.424967776155
140.29932473463955,60864.4234052848
112.82367930452332,60864.42334838928
120.57593632000693,60864.4348606223
150.3413648350782,60864.42338509063
101.7468080034651,60864.42321008593
134.77706149224247,60864.42461942057
117.22750500696242,60864.42432119269
91.29594569886387,60864.42453594297
105.53540165812369,60864.42552212734
133.09623793334146,60864.42279245795
108.7100076250176,60864.43643684928
116.27087310109467,60864.42526581943
134.57527936250864,60864.43744335597
118.85906650706991,60864.42516469832
74.06133871775184,60864.42436339505
107.49623034518879,60864.42302024843
113.8238341808085,60864.423118357096
132.08459984647962,60864.426376141375
130.6817672044962,60864.425058723245
152.04364911356618,60864.424102865
97.04608358301604,60864.42544664845
99.7114140695748,60864.42362774797
117.85985150366974,60864.42776801777
117.54553616797108,60864.422776294836
104.85562912971503,60864.42463649208
105.31449885994036,60864.42416217144
118.21786479993895,60864.42381178852
86.8133995322798,60864.42498881711
128.78921839278385,60864.423573421715
123.76396958617588,60864.42201274632
92.67305223455259,60864.4252772465
167.8138660748184,60864.42439249763
116.7147820428094,60864.4220404249
118.74873430744702,60864.4227616763
113.68204171138566,60864.42364810477
72.59993339185449,60864.426098999815
143.65298762570626,60864.424151378626
114.23969047118025,60864.42289783904
135.32478781477602,60864.4218093469
127.92703398035644,60864.425731059004
127.84911362717506,60864.42130365987
106.15897194987942,60864.42318928955
79.69561350980902,60864.422029794056
122.55111604377771,60864.42326512931
94.04787372446484,60864.42297538017
146.1868709515789,60864.42300678917
116.7709019322622,60864.42303264487
85.16917845650441,60864.42388038458
137.79990908915426,60864.421696644815
74.28878598929703,60864.42457430467
101.26153696431527,60864.424142699936
147.13290867067911,60864.421684248744
79.20366709455067,60864.42271413136
156.09590297727763,60864.42255259403
91.9696786632155,60864.425775006464
135.78433861961105,60864.42286412639
118.98578155236031,60864.42212809981
66.36393958147166,60864.425298108734
153.13723968477368,60864.421559253366
139.3560542998304,60864.42392229381
81.36904603026854,60864.42595891771
74.76943699871,60864.42543189355
139.1308928791875,60864.42345399815
128.3532367205608,60864.42506347652
165.2318978060935,60864.423978020706
104.2861909097375,60864.42404832973
117.43848953123883,60864.4230317293
156.33674796189356,60864.42283844847
155.60747225170886,60864.421495230024
131.04674711435092,60864.423041112255
136.3265909211695,60864.42174608958
115.57895554511799,60864.42497945769
106.77725720967476,60864.42308391698
133.7641249330535,60864.42315110268
86.76422164486893,60864.42509598633
134.611398975827,60864.42615249602
84.90007714972151,60864.42511832549
116.76292932604728,60864.42399822537
127.32586643628026,60864.42287759775
129.03564539904193,60864.42602332584
133.30891563870532,60864.42234487417
110.73175877302573,60864.42512393223
112.27165441382353,60864.42554929728
75.41557808733987,60864.422671531014
117.89993408515437,60864.423060414556
123.04019242660388,60864.42509032688
131.6296555474318,60864.422872319185
76.48126186642412,60864.4248531044
135.41409612323667,60864.42364154406
114.78304058327247,60864.425180988124
142.53837613440257,60864.42173321175
133.54304039661722,60864.426640335114
137.84024351535234,60864.42224548913
98.60805562376434,60864.42484110484
117.49989735178309,60864.425221091136
102.59232144173258,60864.425612788764
152.00885786071447,60864.42592955445
113.785103217858,60864.42603870579
132.16399813333211,60864.42747239595
92.96702222815384,60864.426415792055
113.90280955270889,60864.424964510494
117.1280643754342,60864.42060787117
114.36951753266602,60864.42405744178
119.22494943514737,60864.4243404041
103.26219948769979,60864.42428288299
150.87041543036753,60864.42501658487
141.7168486873779,60864.421910394754
157.06621683070907,60864.426073902636
141.06125821955166,60864.42467103013
120.20790344943987,60864.42614168534
112.27952834422089,60864.42508594029
97.5521591637005,60864.42500762318
129.66713917704132,60864.42273403513
102.30325561458817,60864.42354885065
123.28033796522614,60864.42615286439
140.226532049909,60864.4220249275
114.3652128438232,60864.42297296498
130.85826374772836,60864.42202862185
106.52466794335697,60864.42479435953
119.12896307576804,60864.42342179653
103.93738908112739,60864.4356613695
141.28881071993598,60864.42488276804
148.84552327564595,60864.426377284515
149.92121569297967,60864.42168214418
108.22553204277769,60864.42312132921
99.93217667715598,60864.42547593941
84.52862925697907,60864.4237697444
93.142707688597,60864.42412817747
143.4922457765229,60864.42281385801
93.97450882018757,60864.42464001461
147.46898006744976,60864.42053858372
104.07650085599609,60864.422633823444
115.07091841730839,60864.425193444564
125.81971135090357,60864.42541924402
100.69094100651368,60864.42373022064
73.80439745495254,60864.423357585554
174.90882912779384,60864.42533759025
91.42152450718858,60864.42477753216
130.67692009361457,60864.425585228135
155.66042431782392,60864.42292180408
119.36294817401999,60864.42312188667
117.37128389753013,60864.423422252694
103.03018939337217,60864.42501110453
89.76764997212551,60864.4224070582
107.81489526259713,60864.42354014482
115.89329080446657,60864.42322547159
67.84267289929832,60864.425488730565
98.49442890568757,60864.42573920951
128.88565654957907,60864.427010988366
141.53281157388554,60864.426096832496
151.42927229565126,60864.42303219155
102.95650476905382,60864.423643776914
132.31019386549193,60864.42598702529
102.28148735618464,60864.42327373369
108.58609333230986,60864.42398043115
149.1235557832343,60864.42280168663
124.09581826388832,60864.422776943
115.72399214053236,60864.42474890764
122.25022102865061,60864.4229085674
132.2526702841733,60864.42258491896
98.45880057011635,60864.42300829733
122.70577598262749,60864.42295787459
110.49762798728261,60864.423340725385
82.34077496184166,60864.42236049973
109.90454262304456,60864.42446360925
102.51334286382315,60864.42483022688
113.61557778605503,60864.42299131618
103.82357862409471,60864.424849459225
145.3921260889366,60864.42543822747
127.9377734101569,60864.42524391732
112.58421262535671,60864.42376893835
144.15469550234738,60864.42457141741
128.46278889594433,60864.42647559848
126.59456896484336,60864.42522561876
137.83137589020214,60864.428139553485
119.61701886682444,60864.4240585489
124.23206783252708,60864.426318925915
160.5293430559969,60864.421620877314
135.95045371736452,60864.42187330493
136.7607816698583,60864.42472308385
138.55973890738116,60864.42594550874
139.62218151187113,60864.425433090604
118.75950078580647,60864.426889368726
119.85541536171387,60864.42311955327
116.10955126443402,60864.42287411061
121.13544897651033,60864.42409251798
78.84895065197927,60864.42221555741
77.9316960220009,60864.42364030099
144.18248952437494,60864.42617925089
122.2890629938586,60864.42549542131
130.37581707299012,60864.422034680036
150.89648241004357,60864.42251692259
131.71604048312943,60864.42652732672
152.18403769354012,60864.42553521596
107.8920499731656,60864.42511272173
158.47954004011038,60864.424789641045
138.5707371521191,60864.42373987797
113.27397621337535,60864.42324408834
139.89139914096737,60864.423893015366
110.3698494243322,60864.42456376054
111.70324745666522,60864.42242430514
152.01972975341866,60864.42268133232
142.29975296467856,60864.42203575997
128.18380915985693,60864.42331605285
174.8775955537873,60864.42590667449
101.79044062713486,60864.42124678127
133.0882217771299,60864.422874921314
121.2806961482528,60864.42512966935
107.09764043005222,60864.42473401396
145.20779978807263,60864.42270185423
139.8400046452067,60864.42485182414
114.22861053358088,60864.42410209155
134.24016015016787,60864.42350383554
142.26149274450782,60864.425794866875
134.69189955862336,60864.42304875831
63.03337029136196,60864.424497150474
102.55700603441966,60864.4239570256
110.88431425047887,60864.422636992174
104.46816720411472,60864.42459019827
113.84447015292201,60864.42477154072
98.91179899412022,60864.42493085826
141.0953401304919,60864.42397590664
102.98059962068615,60864.42574223156
127.71017268723669,60864.4226194494
112.18474992147522,60864.425692857156
131.8852758177761,60864.42440629281
119.29802154592225,60864.425090691104
97.44790568157127,60864.425073108934
126.62662378775872,60864.423729374685
150.55603713761002,60864.425772824696
108.79125907171242,60864.42520532054
150.31707355915339,60864.42195283779
85.02455927427577,60864.42301830075
133.18452156014038,60864.42636869984
100.3856104636429,60864.4228911966
142.0068101562441,60864.42107564237
111.94085611419993,60864.423775159514
135.349685788665,60864.42533648248
110.61847691254638,60864.42540334279
109.36970857047054,60864.42168904605
89.43993753567084,60864.42326702334
140.7158465651258,60864.42428938738
108.10560815464756,60864.426363305625
146.84133062078308,60864.42377341664
103.40768711563432,60864.435807570095
127.65565523008637,60864.43592322577
112.29603297791691,60864.42532388429
106.27540621416293,60864.426529195065
90.05350467074098,60864.42363922343
108.75332075577167,60864.424832209836
105.8341184040772,60864.42607997776
105.30039590244432,60864.42159245557
99.16720044116862,60864.42324295725
107.82189271642186,60864.422525332375
134.23724787495345,60864.42441738908
134.85152478300634,60864.42359335256
134.2710507070918,60864.42217787955
144.73362759715667,60864.42614018397
105.23074282963597,60864.423124218476
98.4059758049915,60864.425990339165
116.9545707917935,60864.42489409628
81.72003160349169,60864.42142556492
124.98825992374705,60864.421038603774
90.15331412264173,60864.4252425241
114.14898005473381,60864.42156726625
127.7276236948078,60864.425796755146
130.85286733675574,60864.42436309234
101.85803747869382,60864.43693653072
120.19225545178595,60864.422287951624
102.83167802861148,60864.42577537093
155.72674109617245,60864.423463431194
111.83101791293755,60864.426024271685
135.32162414058703,60864.4223342729
85.43029446372645,60864.42605028778
131.45736342920327,60864.426459183815
126.07855865729287,60864.42456386104
155.12125003244546,60864.422109769475
145.64052332579556,60864.42353295005
100.8985605874086,60864.42508411736
115.69373260626982,60864.42159858749
101.33690226042495,60864.42470496794
101.08199789850832,60864.42461984492
81.09725125278973,60864.42555080669
122.91490061140699,60864.42253744626
114.55384526447921,60864.425272356915
130.60689834506545,60864.42342921281
135.01594611388282,60864.42048279652
132.6978756476205,60864.425858316055
145.15388479060735,60864.42211046298
82.92013856521787,60864.42529358786
163.23531761212982,60864.42271121452
99.389420913713,60864.424159293325
157.58816317234553,60864.42415508792
77.23427286385527,60864.42655171724
149.7769426876107,60864.42374976746
104.83755734067647,60864.4260243405
130.131675813568,60864.42604960386
114.75780965744974,60864.42148225822
114.62123581181692,60864.42319133143
132.06698150157177,60864.42442429266
101.1649010257692,60864.42149867349
128.53136583042416,60864.423516904615
92.93124387241585,60864.42434363122
145.79635048783118,60864.42528407238
116.77111412635199,60864.42697040427
86.02637291803451,60864.42547727524
139.53879694631215,60864.423609005054
103.94841795654555,60864.42296294228
92.60685500313217,60864.42487083287
161.24195043231856,60864.42474736113
112.69835170344625,60864.42519468337
144.3435121977232,60864.42237556215
95.91403859312192,60864.423147879876
128.8750440836758,60864.424209683624
143.15049444672314,60864.42160383821
81.07969196081177,60864.42506177092
73.483761988919,60864.424994965535
111.24606456395712,60864.426112490546
141.2897979903221,60864.421659538944
117.82986846210325,60864.42399271695
93.42057500389222,60864.425045264055
135.10613094554645,60864.42253678978
121.968682009403,60864.42494633287
100.87224427709337,60864.41998834783
130.09168321296653,60864.42588520038
118.94330329414515,60864.42499874874
104.76670362547088,60864.423043083494
131.60170262805084,60864.42398401463
116.85173253458794,60864.42697689289
110.80723260679979,60864.42600587389
100.35641056271126,60864.42483650588
130.72257381098268,60864.42140556134
86.21492911226922,60864.42203693382
94.22008600990881,60864.423986448084
111.70411778969701,60864.42476257345
104.68987461264288,60864.41997775171
114.74505156431734,60864.42295012829
95.71569601280672,60864.424850572366
112.51893347181426,60864.42204656369
135.9974674927029,60864.42467793066
104.32152223812082,60864.42206517777
97.56623815562166,60864.42331202344
109.89977740951426,60864.42586351144
91.99625952999757,60864.42417674119
78.08159838737912,60864.42762043197
149.98577311604762,60864.421772519854
74.90417797544058,60864.425403451314
109.80759115559972,60864.42409977033
131.6556111211471,60864.42115202427
126.27999787363133,60864.42472158528
104.64032978939649,60864.422436281086
112.06559500790945,60864.42509335467
157.64440497443263,60864.42199244101
131.86584023495686,60864.42668767726
161.77562573536275,60864.42459575092
167.05106539574192,60864.420328404594
96.9106622575046,60864.425185165
146.28637597952655,60864.42343592282
115.91004237548294,60864.42334816562
137.5565163299581,60864.4219076342
98.89696709236127,60864.42185476428
125.73705087102837,60864.4219684738
91.95518098399197,60864.42381413664
101.94342255745515,60864.42606428908
137.89849052909753,60864.42339106584
121.58670718361192,60864.42367842189
99.86811780461147,60864.422272259464
127.23255575206375,60864.42453763
101.59426464756174,60864.425585929304
160.30744970132656,60864.423948379444
111.56602922603409,60864.423205705934
136.87854067542267,60864.42548679178
149.3801543972014,60864.422491110694
136.42242886743634,60864.4352916384
75.30186063179586,60864.424597159625
68.35084290833673,60864.42339025539
102.61140300529371,60864.42548256938
123.50033931489793,60864.42317179537
129.8355853361878,60864.426248634336
132.41240194095658,60864.425326232515
125.21529002110088,60864.42195319926
89.81839281897074,60864.4239679367
158.7083670096183,60864.42511227729
94.28979068526175,60864.42372317955
96.14776289652472,60864.42177891522
135.63475606097057,60864.42136234247
86.56570073358493,60864.42399122052
98.91001731615681,60864.42228123768
128.19865952478213,60864.42367001036
132.72434168557606,60864.425439618855
92.44521428942426,60864.42456780322
118.53458860120845,60864.42432790569
133.5345541415204,60864.423035279244
106.07215414775729,60864.42252682096
114.95274448035738,60864.423544227815
130.5980465537569,60864.42722182557
134.70431748513573,60864.42527831416
123.77570658885114,60864.42284778434
131.30644965889448,60864.42306970408
129.5328077323055,60864.426728838116
134.22424512940546,60864.426044731015
81.63025281526261,60864.42454098181
113.94910993933763,60864.42302196697
105.78327436628246,60864.425853560766
147.71052460141564,60864.42543914435
161.4772486957843,60864.425958316875
108.84420299677778,60864.448685417796
111.44935803107214,60864.42142995283
158.06646424155608,60864.4232541072
129.70824557458576,60864.4223055709
125.01486962606327,60864.42236426991
108.75419024233888,60864.42359044117
122.82650481061606,60864.4205073588
103.54498140974162,60864.42339109208
102.44527231384123,60864.42205981875
145.44991097826153,60864.42391860398
101.44743392274093,60864.42499480213
100.50219506017439,60864.42151005689
140.00662327590265,60864.425699404645
107.31474663189806,60864.439794065904
86.26165827593952,60864.42403282484
128.44395156642432,60864.4230898916
123.75176754930787,60864.42397276318
81.81904197473396,60864.42266990804
118.58763607588078,60864.42346850896
134.47964373461352,60864.42355640183
137.1715268137285,60864.42383106547
102.65583094628373,60864.42485323432
95.63221153794592,60864.42774453005
91.49534782662234,60864.42601409839
134.76016664069982,60864.42381620124
109.6907386208287,60864.42334252893
103.61535310994716,60864.422652579895
155.52026419462737,60864.42427975888
114.42974534836523,60864.42533324939
101.16607265682308,60864.42423231791
96.70974032015523,60864.425611903
114.2751232813816,60864.42458172284
109.36720332350075,60864.42416166122
98.45330711416631,60864.42409167315
73.26159976515792,60864.424581827014
112.45101544993581,60864.42350334889
113.09914813512896,60864.42328053044
106.47062208042793,60864.42046497867
147.22589258208566,60864.42344355341
83.97735279752325,60864.42313103012
153.61729318542427,60864.4223823014
112.29393582598962,60864.42320954667
103.47802281077348,60864.425861952834
146.8487651534421,60864.42526162313
141.70741808805434,60864.43573883891
137.80324739629467,60864.426025948174
121.31437669246736,60864.42334620943
99.96183337818718,60864.424450577455
91.98448846335725,60864.42504829568
69.4803684797416,60864.422145305405
70.95469227553106,60864.43550077468
128.38305992766973,60864.424442737494
102.44354965999113,60864.424382801415
141.4955267163692,60864.42718618825
133.89515960760005,60864.425692293495
129.74903589166445,60864.425423929286
128.4716627148865,60864.42502240914
121.80189373575223,60864.42664288974
145.6323595203334,60864.423797010626
94.11242598257884,60864.42133474926
134.52303076767762,60864.42164943011
98.04826706486293,60864.421555818124
88.55578855202087,60864.42170790998
80.02014173731956,60864.42123977259
125.7927703970064,60864.42305414094
107.89839312737399,60864.42524982878
132.6243587143386,60864.42334392012
147.10887570948162,60864.422238945015
118.96258062061705,60864.425101202425
132.96425093815208,60864.42533043736
113.30663059780551,60864.42435344281
108.78414294893993,60864.42407625798
98.1699338134294,60864.42415529559
49.80239281815987,60864.42318321549
137.96598292840534,60864.425065048024
108.40422937333175,60864.42539406879
86.73888429066085,60864.425068411125
113.65689464138414,60864.42338355864
137.2030209910827,60864.42297109361
94.03921094783267,60864.422624745544
119.67326125506274,60864.42421083098
134.93727866771812,60864.42394259536
78.62781325814957,60864.42338306891
98.91910765821122,60864.422657003706
143.24754775979173,60864.4237991381
126.42715165497276,60864.42519143576
119.12036901217847,60864.423985589
155.31035814807487,60864.42728896157
105.27557219348446,60864.42189812587
125.59413149534431,60864.426083818544
127.88108296867874,60864.422431199346
69.15223373443017,60864.42499296062
138.36169482811908,60864.42608095548
122.34008397964215,60864.424228850155
160.96113536792996,60864.42712684395
153.93735932470562,60864.42243961708
111.5418759017486,60864.436646203765
97.23764925990935,60864.42402598364
139.33287615193748,60864.42270366501
102.41674068135116,60864.4225970702
147.0332500687213,60864.42303438035
113.33434463779098,60864.42196549771
158.74477709703504,60864.42494814248
114.52320739260783,60864.42315393444
133.65141640336364,60864.42475403511
122.72285768748934,60864.421102074644
132.21446383828425,60864.42566139169
99.16377824959216,60864.42602563498
76.602618882902,60864.423900066504
157.73979874596802,60864.42395973565
145.90968878453833,60864.423266229154
95.6086487229635,60864.42282501256
115.83096065912486,60864.42319044955
133.26416007148444,60864.425832440065
112.59929259816452,60864.42241763338
87.0040831022264,60864.440321915674
134.85674086162095,60864.42303831645
140.18272725007176,60864.424337427794
107.20569358538616,60864.42699246754
122.71505397317914,60864.4249614256
143.50605697839862,60864.42408684025
114.47792838051511,60864.42637267169
126.3304060230089,60864.424268332295
115.38755249170414,60864.423402064225
169.1757225608718,60864.423142852174
133.7707676517191,60864.423683118934
100.09246696179407,60864.425620235845
103.61684807335396,60864.42294545588
135.69387233321913,60864.4228008831
165.46198445680227,60864.424949758715
97.9007100214619,60864.42523308765
97.09425394200785,60864.42387278919
92.1173583043041,60864.42592170193
134.5416922652698,60864.426426929
126.5269475559992,60864.42529573028
96.33549658344228,60864.4250211033
128.74270478199324,60864.424115719754
164.81919985809506,60864.42556821312
144.08192013601848,60864.42106004309
142.02322054737252,60864.423853482
95.28806207304206,60864.425046839424
80.1438441463518,60864.42174705768
130.83744027224714,60864.42172564616
137.73766821031887,60864.42321432446
143.97359893252124,60864.43650811315
131.11003408622665,60864.425708310206
133.10949829106178,60864.422049053865
120.93611056607789,60864.423070534474
129.08775245491572,60864.42410711204
103.03720718716052,60864.42412681905
124.9436457165268,60864.425157921345
122.16136394217291,60864.42299512116
103.08868814743377,60864.424333575065
125.56203789967223,60864.42408650652
108.70427502880844,60864.42490044482
134.73681804944675,60864.422341213845
117.48691090510799,60864.424533415615
119.196544198291,60864.42544906886
123.43831623076564,60864.42512351758
141.49625552442347,60864.425812031346
108.03330704107107,60864.423195582545
124.2999275789074,60864.423504314786
99.29970885233153,60864.42415947
113.83393400113907,60864.424423432545
129.75149402841456,60864.421972993114
107.88545605378884,60864.4241501004
103.19915142728767,60864.42454595897
91.58996700576955,60864.4222903598
132.73317747352095,60864.42215321007
137.8094451086648,60864.42126237392
137.06024279351507,60864.42265811369
102.55039887603895,60864.42191528647
130.4636815972535,60864.4221928229
105.82635903081861,60864.432653330136
107.84008847613764,60864.423385477756
142.779900273265,60864.425366609656
141.56276595675195,60864.42328874641
96.19321656359205,60864.424546735565
129.44027538201954,60864.42657798689
116.894001901363,60864.42227936805
118.35007431391145,60864.4224913215
121.05179864258423,60864.42210663238
145.24946039033767,60864.4214612059
71.61970448805806,60864.425530128494
117.43830175764545,60864.42184883696
126.39355917783956,60864.42112638427
123.3452576229678,60864.42400800234
93.87466264275358,60864.42490817016
87.49776680288325,60864.42157578821
134.37700089036747,60864.42349418925
142.32786291666457,60864.42495016266
70.84911195864997,60864.424516679646
96.13415021020218,60864.42507852228
127.30724770181418,60864.42378854265
127.48511251426498,60864.42365660887
107.52195011897896,60864.42509870692
101.5250150988752,60864.42104122197
114.91061572291639,60864.421498947624
121.25533214072969,60864.42397612348
133.0260065781973,60864.42143905919
158.11046321431172,60864.42541242861
104.0801501387573,60864.42161245534
147.42702273103478,60864.427361409405
112.62602627266979,60864.42310397783
106.48377521300583,60864.42243765331
96.75600373791906,60864.42501333668
159.74180686413305,60864.42582853298
79.73389437909324,60864.4217573395
89.41329020496887,60864.42419420031
108.33319606330912,60864.42289279828
160.4068772868477,60864.424441494695
142.54395492258868,60864.42350571004
107.98496842643748,60864.42104583736
139.904708528568,60864.42324189253
117.52787558088804,60864.42190054525
110.41520016793649,60864.42313482163
120.63234907809456,60864.423871759944
88.83754251321665,60864.423448443384
92.49636414784881,60864.42259360277
99.34666554422667,60864.42506326701
116.62640348441042,60864.42353210529
119.9468648917007,60864.426079657635
106.90277495307564,60864.42174351761
167.16336086193462,60864.42198984389
84.21277713800997,60864.4230510208
117.48012497798575,60864.42367566541
112.31469037873775,60864.42706894033
74.30241136548746,60864.425048269804
98.92710275076965,60864.4262424898
67.62255108951747,60864.425040778435
176.5750097710496,60864.42610969544
95.05909872554233,60864.42420990595
123.24009893205603,60864.42538570387
155.34167116852063,60864.42198139381
124.53498410618894,60864.4257317225
118.47848770664302,60864.42309026388
128.0092331630399,60864.424644138344
102.62361561159075,60864.422683108896
114.8404859339275,60864.42565392171
101.80322756260728,60864.42245931211
125.53952787814671,60864.42320660175
105.3122765869166,60864.42474157985
112.11742213063317,60864.42266599919
98.49136149111341,60864.42771290028
88.86644875947258,60864.423131616735
115.95045860863779,60864.424555484766
102.95719567255955,60864.4258983975
115.6702807808561,60864.422121927644
103.72095440119264,60864.425079961075
123.3023810590024,60864.42308384135
171.7097742217744,60864.42623948628
159.79487325240552,60864.43361846243
92.14682173860298,60864.42569009804
103.79057746902343,60864.42208232853
134.0773482131789,60864.42464500458
125.79638032746732,60864.42441076281
117.09967497274836,60864.425354093735
95.6133625505554,60864.42336835841
90.34694349537136,60864.42522010989
73.47937416806876,60864.42544074328
77.31645411929246,60864.42449593154
140.31468627810605,60864.42214833237
108.7370401612424,60864.425454098695
117.90188457827006,60864.43334391529
126.0745154820494,60864.42566327244
106.44846241478032,60864.42506865939
121.28705757206288,60864.42511190782
131.80386530159703,60864.42240853248
117.71875712732546,60864.42670535802
102.39509949206222,60864.42466164226
105.12451765311496,60864.42300706408
113.87997530442637,60864.42318210384
134.65662412179927,60864.42332383455
128.9776357258658,60864.42359247686
92.863522106111,60864.42790213484
93.06388761419639,60864.422485425406
190.11249170634414,60864.4198774831
99.60845075086726,60864.42298944899
124.70000694534636,60864.42340871125
110.91988991813867,60864.42616213802
127.38628579424032,60864.426596032965
111.5824218035592,60864.42226821653
160.47389805680476,60864.42523530077
123.58587067047613,60864.42055904021
151.08705238777372,60864.4257133733
139.29599039529364,60864.42355751671
130.29943983554816,60864.42489731796
99.53493585582792,60864.422496914034
125.61222824523027,60864.423123989676
119.70039606169338,60864.423730729424
92.73109749853963,60864.42217845633
98.90160068653081,60864.42611389948
106.59829790426382,60864.4251327124
104.29599086973282,60864.42437201237
107.51380416526294,60864.422714229484
143.0836808332895,60864.42513435295
111.88713646604009,60864.42213807627
117.64272843980554,60864.4245796458
122.37073701820006,60864.42494215974
91.45498141790102,60864.422471147256
88.8663257376688,60864.42556736569
119.84445942556657,60864.42611716377
105.1173466041456,60864.423961080574
150.97670883352131,60864.42342333808
137.2003786211181,60864.42251865183
110.4218204813974,60864.425864681056
110.2087225262392,60864.421150768205
124.27941360245353,60864.42452850304
106.34676482604502,60864.42669749834
160.87783770316798,60864.42251288377
87.06227665780983,60864.422554281715
130.20156693823006,60864.42645123399
93.78578111823619,60864.42298420689
121.96660836642273,60864.42423743004
118.43158051148107,60864.42354500486
92.4414183375247,60864.425468149195
112.5494664619472,60864.42752048434
110.92384693351748,60864.426639391095
57.40319995099653,60864.42075756359
82.82660004171753,60864.42454627345
141.94946296110646,60864.42109877494
92.2707138412777,60864.42382238599
103.61943426153321,60864.42368154361
105.20061442831685,60864.42422764087
121.44840293689812,60864.424635649564
113.57386099656473,60864.4228884863
107.4983904577674,60864.42332565785
118.44315189687447,60864.42226798248
95.45502873378578,60864.42385151488
127.14994917648902,60864.447607191534
154.05734643542647,60864.42619245568
121.17290747344127,60864.42247432749
80.48189446187504,60864.42373625738
111.74570648452732,60864.42452039141
81.01592826064615,60864.42563953485
136.12975760617732,60864.4239673031
93.30169329718808,60864.42339363467
90.45702835428543,60864.425533893074
125.53280876565103,60864.42440206855
119.23786908313895,60864.42670123488
54.98940858445723,60864.425941519476
146.6720200165735,60864.424177370674
122.33661875638829,60864.42426101463
110.15635757611328,60864.42298600001
120.92121672190689,60864.42577706574
106.0767171340068,60864.42343127433
151.15824661411182,60864.42310733203
159.91032727517367,60864.42203587314
97.36838085373068,60864.42497697541
112.96960756241074,60864.42481385568
122.4457034486007,60864.42146661279
116.78560978355617,60864.42355389791
114.2012118278952,60864.42583697441
117.29236512938574,60864.423762000726
140.32689458948235,60864.425882611686
89.41261353294131,60864.42436255871
133.34533937466423,60864.42357517028
97.54772716789567,60864.42271520837
115.39483101079149,60864.42452625923
117.83110514153974,60864.42401851146
120.60098787726965,60864.42486159517
102.75886449474305,60864.4248017078
48.96579413459521,60864.42446939125
106.90579627063961,60864.42325598892
144.61456842277002,60864.42594520844
121.27410208362366,60864.42418643733
94.09734458990326,60864.42545888548
106.72341008015835,60864.42349622316
119.5551256142206,60864.42424524537
110.17006253351194,60864.423029507176
130.42100611456752,60864.42176724854
110.47483190313156,60864.42304423693
134.26941488331454,60864.42396518074
104.13490537081236,60864.42274340814
109.28483771007778,60864.42348394144
105.26663010786304,60864.42581394675
123.30791977032646,60864.42224451297
143.88185602265662,60864.423740522354
134.03420482255316,60864.42411333131
127.00832168447516,60864.42379879911
126.44059454821198,60864.42519986517
132.07621066244684,60864.42339230584
122.24780430766842,60864.42433922645
130.9462153493663,60864.424440074785
135.52298620676848,60864.42547915039
135.84339777633716,60864.424780505644
149.48410158318006,60864.42231905945
132.30521215468528,60864.4215107875
115.19543027957036,60864.424108154155
107.60351739333849,60864.42253382545
159.26382556703368,60864.42424218573
143.18995019418801,60864.42275151875
96.09124852250663,60864.4465155686
73.4530303539713,60864.42218539848
133.17683238397575,60864.42491124389
129.2412235398392,60864.42426369342
107.6046996272389,60864.42632348817
143.65572098163977,60864.42341040203
109.98311597465882,60864.423069566255
106.17636563530594,60864.42502414184
98.7978436140759,60864.42351407469
124.49574019466112,60864.425516481126
83.80370203183185,60864.424586844136
94.69645701772451,60864.42304890001
87.6927155605053,60864.4228499714
126.17851121248682,60864.425519476696
94.44397045086004,60864.42240953241
135.15235239834533,60864.42524653934
85.49679707329773,60864.427193388336
135.23755728620034,60864.42416472788
137.84035998647659,60864.42297980433
129.06847661834962,60864.43409495437
107.4052957771993,60864.43687911477
129.72140669481902,60864.42297006908
115.92717225099234,60864.421701294625
118.4211822768435,60864.42439162757
139.83290284268094,60864.42424127556
144.0249721188709,60864.42624267651
129.84484086943738,60864.42639501447
109.76218681758051,60864.420943441495
120.29779920592762,60864.42278440852
112.16389326127793,60864.42218665311
87.3348270449724,60864.42428071556
122.99785107164904,60864.42299797005
88.53108895582801,60864.423128985756
116.98049858315167,60864.42380146655
128.29359208554365,60864.42170200074
109.6100277592897,60864.42358265919
85.39693484139592,60864.42276813821
115.79881669979794,60864.42345388211
112.94192319833653,60864.42333306183
68.00940451178998,60864.42595570918
79.90243192375522,60864.422492151636
84.12413183445224,60864.42200283466
85.961557046526,60864.424943446094
145.8465081913437,60864.42366926677
128.17156432669088,60864.42477203237
143.21332178018804,60864.424086310064
124.27324326923716,60864.4256199975
123.51386867016843,60864.42513524313
100.57717684646771,60864.42598998367
154.63025109676917,60864.421263711076
109.21687424653186,60864.42296509492
119.74669678267767,60864.422131785774
132.09302876587103,60864.42615577971
99.90295846908398,60864.422771657846
101.81154067897512,60864.42449729686
117.20847525304409,60864.4216006458
80.66935586717855,60864.42580240156
86.99957537918323,60864.425410290954
119.10017388542387,60864.427443577726
123.38183841897308,60864.42359795582
151.08527840261203,60864.422366854116
102.22592519188608,60864.42341799915
107.82530767640372,60864.4232703744
108.12266952194499,60864.425206053886
130.3850246464831,60864.423981248474
114.88716710701652,60864.42589969941
100.74516610067356,60864.42093808014
141.61048601594806,60864.42503764901
102.9235976526767,60864.424567838905
126.44144512502419,60864.4238348463
110.54341482879505,60864.425537858675
91.71235380822803,60864.425917528984
133.9079255991788,60864.432600727065
97.14665911495037,60864.42426318528
119.87303557491715,60864.42198099168
95.08822898896962,60864.4223898999
131.90618368570668,60864.42619543053
138.16326396506764,60864.42624274587
82.86051701932264,60864.42674806744
103.17335859939247,60864.42461219597
125.4293191024721,60864.42438276848
106.00649571821631,60864.42420563617
101.4266400757256,60864.42585226194
139.8916162543859,60864.42643663935
117.00973202955005,60864.42588439248
115.54895279520855,60864.42302512041
104.79523466849864,60864.421208470274
140.39865878376963,60864.42436317432
110.21287091274843,60864.42571968562
86.93735567759052,60864.42608739247
139.41429260919782,60864.426577169594
160.21809800152636,60864.42257266708
134.8261794041458,60864.426161816365
89.18507377081524,60864.42581387609
123.73334483503268,60864.422440638875
108.18203103671343,60864.42461960321
107.94399744112228,60864.4252134015
134.23996807031406,60864.42264805483
111.86558710261276,60864.42433106478
97.04814098979938,60864.421352933525
122.82506074450222,60864.42507661308
99.9934535050463,60864.422254315556
125.02219475157874,60864.42220048098
98.67152207468617,60864.42198616457
113.33799720982098,60864.42473804617
116.8242739736208,60864.42250595313
80.76039742918091,60864.423909799356
143.46227394460396,60864.42341819652
94.36857365025244,60864.42392605483
96.90826041670171,60864.4260234142
102.54453936589981,60864.42289238004
87.78810221379979,60864.4241549159
139.24975612077193,60864.42394711463
87.83658669629209,60864.426193701314
91.57201343594805,60864.42511724266
147.93571310187482,60864.421537975315
109.31678239521405,60864.43800572701
160.4940244726575,60864.42318371904
134.99372804725792,60864.42488398744
89.92174829602907,60864.42017660718
95.07977569484102,60864.42520847136
119.45029712013013,60864.42554965446
123.67085879871284,60864.42578207178
85.89621397140243,60864.42483956844
134.60125514745155,60864.42323209146
138.49759083967015,60864.42519063086
120.02643247600389,60864.42234838886
134.35330670467167,60864.421922588255
86.10323548655376,60864.42293515803
135.54350487750955,60864.42210801679
129.28569912204412,60864.42470345842
119.4753136752531,60864.42705015902
156.37563432753748,60864.42561110368
117.52621933436737,60864.42601475738
89.13107400409878,60864.42531691113
103.84610956784815,60864.42460987144
135.1249965882574,60864.424471458195
120.31172591066411,60864.42678779235
151.58531721123595,60864.422882668354
122.2213481179479,60864.42415641921
133.54692105411146,60864.42419859225
109.09695389206267,60864.42409337463
113.45341725861672,60864.42670714941
151.14411433409697,60864.42074902108
95.28431327623501,60864.42278135118
113.25646300365926,60864.422078322736
95.51583038079251,60864.42328864604
167.96487662433492,60864.42579954761
134.83577971713822,60864.42671331336
78.09678275222585,60864.4251695008
121.53730140148649,60864.42383693522
151.81735285118467,60864.42351631169
83.46587449188532,60864.42367751544
135.19725207425145,60864.42709761114
140.820494589016,60864.425909106
169.20107312946888,60864.42474662752
171.35403402656235,60864.426977627445
75.05295715848692,60864.42596628333
110.32419153966559,60864.427218816585
91.9858637266898,60864.42274308901
108.49984790346817,60864.426180503535
129.1649183084525,60864.42299946158
106.78840912620687,60864.42315399953
77.41760161820228,60864.42298035735
169.1678571613914,60864.42335796372
127.78242659129148,60864.424298970865
111.504724715003,60864.43695522957
106.08153634949417,60864.42581088927
109.61521234935074,60864.42466798699
153.6423552493056,60864.42332406531
136.07975568326322,60864.42359192406
113.1772516857672,60864.42354114285
113.06508647927178,60864.422316551114
130.0624770282028,60864.42428960802
152.68032013293643,60864.423243603116
86.66575294342631,60864.428874151075
130.203273889446,60864.424794763174
135.51603906730128,60864.42275181586
132.70775932105917,60864.42356517555
103.74849935784431,60864.42523097373
109.55490392234537,60864.42514183396
101.96181586730171,60864.425715483005
97.93644788957477,60864.42470160643
119.13216352569799,60864.42609180965
117.62661552512671,60864.42362110913
116.41308179007433,60864.423470901784
83.26756155666368,60864.423618522946
77.21624446584714,60864.42534748571
125.47186255993547,60864.42464896889
98.64138753092614,60864.423653607046
95.67214457363086,60864.423871377585
129.30489118020498,60864.4246211018
120.43513812583932,60864.42237390021
138.9012138401593,60864.424054807736
103.2304517362574,60864.423404053334
114.72025023648804,60864.42487972112
96.72581000614736,60864.42268343712
104.88763268788296,60864.42409727254
120.27014366043908,60864.42418184923
80.75462798669408,60864.42302282427
124.65911178823646,60864.42579586384
119.28014315269158,60864.425125917114
141.2511523317449,60864.42594007346
102.31372660963073,60864.42564214625
131.2463039691913,60864.42384141466
123.05936458782463,60864.42312905329
123.70325083921685,60864.423539582116
84.75814257627749,60864.42458284616
81.6083646918029,60864.425214536976
113.01509997249322,60864.42203369138
88.65251414190959,60864.425187111454
96.57771421311628,60864.42204876357
159.18290540808192,60864.43583630202
91.5782985768346,60864.42116742459
115.17543796756645,60864.42456196561
144.1035721216915,60864.42689257235
100.79049757685017,60864.42454557458
98.30720132920709,60864.42227172251
122.60605727571853,60864.42645416365
124.71243347232942,60864.42324930277
110.12617440658263,60864.4269006372
97.54940236999744,60864.42637994913
147.72374274024264,60864.42168583261
100.62405457907015,60864.42357866604
165.61524917857218,60864.43547184141
103.71279690049491,60864.42545376309
153.27204220865409,60864.42592979548
138.19431918668158,60864.427197866906
125.29223655859415,60864.421160482896
81.10253127617955,60864.4247750007
124.83401529802192,60864.425110700395
98.52912130396129,60864.42379053119
121.59308267931533,60864.42432490625
108.93068660560408,60864.42354682021
118.46683997580628,60864.422525298934
124.7025819423793,60864.42625670792
114.91245121052948,60864.422665372564
136.25069234193907,60864.425830450986
103.9495273510049,60864.42353452976
94.07183065015774,60864.43471974626
131.76916516932482,60864.425380454944
105.48205450759187,60864.42342379712
147.04549003081826,60864.42382587724
104.85934784924353,60864.42705003874
138.44372138600437,60864.42659112559
127.71168099967323,60864.42661015789
134.3180318776358,60864.425077264845
118.51094525215905,60864.42220081181
125.15608255581971,60864.424464767384
78.79556551595412,60864.42382839013
134.8321863009999,60864.42637188089
107.3080711657279,60864.42348001782
84.86402585707971,60864.42291484493
105.67500387192835,60864.423333467785
110.57317099959556,60864.423802576115
147.6642048994953,60864.426177939975
120.30561196650739,60864.44764331882
108.63830130739368,60864.42505371348
103.46703282773701,60864.42169010287
95.66513417867898,60864.42604766094
145.07738163044678,60864.427750176386
120.79048487003197,60864.4229517631
101.87731299782037,60864.43656999226
98.48476626072875,60864.42529167021
71.65659179424267,60864.421850238956
128.632783459299,60864.425619147594
156.11952556556423,60864.42131266104
142.79804234684613,60864.42680696927
125.76358770898064,60864.424894749674
80.14564111673265,60864.4228088313
150.15650672974482,60864.42569874251
80.90067785222826,60864.42383721518
140.7693509019458,60864.42207755294
159.0852217916501,60864.42372066493
109.99931703297034,60864.42424836847
82.34040865773855,60864.423629602206
142.45134915352588,60864.42562118542
85.38128039486256,60864.4275648298
153.68407670212338,60864.42438703548
88.91931628048269,60864.42386191755
94.34902074288082,60864.42276723075
96.60538958667446,60864.42555797312
119.8763485656329,60864.423919811044
112.55388224252118,60864.42591488855
88.6485701916868,60864.42238168961
126.3251276895618,60864.425641965914
81.63740611887617,60864.42584383425
119.22056046092185,60864.42401842946
129.71773378674365,60864.424940745084
128.3503058072032,60864.424975592796
118.36778409344149,60864.42476583521
109.45451976932999,60864.42614901474
134.40409433266535,60864.42300734795
136.90782563879256,60864.42379219679
119.69527261747444,60864.42087462358
123.95631898426464,60864.42654166467
108.3248637798826,60864.42378394011
133.58203789737613,60864.42433790592
131.73624710760885,60864.4233033712
128.39981504655114,60864.42639992436
120.34320328861905,60864.42698860242
135.9458710947252,60864.42677365177
164.97324490376764,60864.424975634895
137.60646129623547,60864.422714637294
88.26490778132478,60864.42586547886
93.97950380393834,60864.4250679422
120.8542192859802,60864.42628314108
112.23860660712585,60864.42572522388
101.5159961226855,60864.42225551091
106.43768630214016,60864.424125723635
153.57406806071495,60864.42272140713
113.97343985186994,60864.42443638483
147.53229056307444,60864.424190999656
101.78331067188678,60864.42616136107
148.5761236683211,60864.42236172322
108.4688825123535,60864.422727236604
94.28381198384234,60864.4235838812
105.62676851545528,60864.423374479135
99.07702047140971,60864.427077974906
87.70136120760978,60864.422932641624
85.73550904294387,60864.42600455731
166.60511774315304,60864.422520821696
154.18992472197982,60864.42307132365
127.19095304202283,60864.42564062098
136.02248224103656,60864.42437515083
134.49201929965568,60864.42514718739
127.40576529004217,60864.4209245937
68.23871560988071,60864.425242929945
102.2336971276114,60864.42708146577
73.39674203737455,60864.42384827851
114.23677121722186,60864.434495205234
106.30684339369091,60864.423054571176
112.28204714763537,60864.42427173784
118.01434296706405,60864.42482653848
88.83140634519094,60864.425312446045
138.8236833160118,60864.424283759945
142.17363873780764,60864.42316715572
113.93487230089275,60864.42485345758
130.44512502538328,60864.42367999505
114.34746557113473,60864.42312699619
138.84065803228816,60864.42423572025
65.83455895609532,60864.42592960432
126.01022344826436,60864.424566496935
116.7308138955208,60864.42190377211
93.40381290300132,60864.42535389115
127.10794030264475,60864.42812486878
122.88870768604012,60864.42224041501
128.55220134701267,60864.42319871198
76.98032588936032,60864.42306272147
104.67528018468279,60864.425519300625
165.08858182811798,60864.42400346964
102.91020115703408,60864.42303096576
136.01031674296567,60864.42597788695
91.5618270689687,60864.42241056384
140.44980457643584,60864.423672127974
110.81951605995388,60864.42142670614
126.10745657886237,60864.42291373884
131.30889198258274,60864.42471355996
113.94029110134791,60864.43279618412
112.5874748436517,60864.42187891286
130.81398845677535,60864.42563507768
99.33228114979623,60864.423482220685
109.0032891050683,60864.425135478785
147.50736085578845,60864.42160604008
105.64800892098894,60864.42537800366
104.84775015153325,60864.42468576166
156.65319385257453,60864.42489480584
94.39508161303873,60864.42315639184
131.61072319252096,60864.42441914591
146.12338561315582,60864.42418280431
111.60472086182448,60864.42517406658
139.8628284315518,60864.42352456009
119.18674362601847,60864.4250521713
109.22119389125082,60864.423564801466
135.0324243191873,60864.42370991293
103.08648516048632,60864.42148776738
91.10589894046915,60864.422639871336
90.04862147792876,60864.42403917867
138.3870244391757,60864.434472529836
122.05538586420938,60864.4243251991
161.46519382930964,60864.42544350327
97.0096411045648,60864.42534079617
156.34066706376868,60864.423301048126
122.45350289460673,60864.42381041161
155.06719290437658,60864.42695167064
89.72168878421161,60864.42459012165
92.11615655302155,60864.423038959605
149.76078331613584,60864.425317956615
124.13456912646213,60864.42352791657
105.09619237604116,60864.426202919145
93.58535485738656,60864.427985432245
133.54133142073408,60864.42462907088
119.85636711139455,60864.422176622225
137.39060565756117,60864.426492564315
102.22346113182772,60864.42517007044
113.14965660227762,60864.42549518901
151.8594465444005,60864.42411110133
127.46126974024766,60864.42605408521
160.51972179287682,60864.42563297208
102.14434968271308,60864.42329570893
99.60442883410296,60864.42696030631
150.64397469473903,60864.4228751137
144.93972396375796,60864.42382560579
152.2859075562011,60864.424057877826
138.3471230960298,60864.42309408183
57.60345411882425,60864.42180977436
92.33819738954693,60864.42426650242
135.23805723555546,60864.422420484734
85.8077949402974,60864.424534951024
106.45392954083195,60864.42142775173
134.8897631971537,60864.42421059943
86.47981913747672,60864.424640971476
101.54657809831966,60864.42552091798
111.07029414379592,60864.425913998086
97.72354123638657,60864.42606304772
130.09817973380476,60864.422240911525
137.78654403853827,60864.42263012256
120.10104350672175,60864.421790130684
81.844426615077,60864.42621759388
82.32895990231455,60864.424739846734
104.6911888379286,60864.42567377782
120.86878185059695,60864.42476451741
143.23765519794816,60864.42373603484
111.06623444708627,60864.421162824
131.3893495224629,60864.42630570548
119.98558550590427,60864.42166210412
102.751386973334,60864.422957439485
95.38655629744466,60864.42280205795
158.7074506786198,60864.42355334332
89.91199114436502,60864.421878358764
115.00113361882916,60864.4269146735
100.71975156612916,60864.425479972386
126.6345713663456,60864.425935890664
106.4858537732624,60864.422123631535
117.21873799096021,60864.435395176006
125.16010905714315,60864.438501560646
146.48546609258784,60864.42540603176
105.93700651372129,60864.42455732749
112.19303975085224,60864.42394135341
115.65548817492589,60864.42601814433
120.90345997918196,60864.4226801193
114.78592464254027,60864.42446889294
125.12203628939169,60864.426163762575
128.76235830227665,60864.4228734322
124.3482471627015,60864.421810062704
114.97884339161993,60864.42461899204
134.9922035002192,60864.426212304104
105.03865962731685,60864.421293402855
128.7216851660887,60864.42295315169
61.72166591863381,60864.42310679381
103.81284370149884,60864.4248522872
120.37980555090934,60864.421566108445
72.10097231839579,60864.42281956475
132.91372682446638,60864.42451677752
110.9736277109584,60864.4225348613
129.3296280531637,60864.42314530113
135.22149200023745,60864.424833911275
141.9987024072178,60864.42234438371
123.20867024712814,60864.424542028304
127.28523551641484,60864.42340373318
109.82793980462162,60864.434947162874
140.7468140716848,60864.42476261833
103.39155591275106,60864.42402042677
93.97464097799882,60864.424275642734
104.31168047418552,60864.42346685108
120.26380894725925,60864.42323282298
114.30587651424156,60864.422388577965
82.03188890608898,60864.422640854704
104.64204527244692,60864.42514668057
91.33630666879493,60864.42500777643
117.0781104006082,60864.42631546008
131.80302857725619,60864.422250004936
88.43600721901797,60864.42427049324
106.6477541257289,60864.42283231209
103.32642123345931,60864.42153536092
107.17847799153913,60864.4243775249
111.31650338851951,60864.42638482882
102.19478929089586,60864.42513933044
128.55046503610478,60864.42408928488
166.6706132419292,60864.425591490944
139.7015913812733,60864.42272722163
103.3889169714823,60864.42480707158
105.54655290317672,60864.42228345191
117.00875421870933,60864.423605195385
153.63239898142814,60864.42380692948
112.87001547605809,60864.42294328882
108.63911643606231,60864.426882772255
108.28717886450578,60864.42463748532
125.4217542186702,60864.423082371766
81.01591571160958,60864.42561240832
94.9988423744277,60864.424675089576
131.71254050429954,60864.42459979393
94.31680592492634,60864.42461962543
156.54012299714276,60864.42236567878
130.59313400915855,60864.42118898057
122.08562289774892,60864.4233336321
112.24100883637246,60864.42420479751
130.70426707753364,60864.436733348746
121.59366537634817,60864.423339549634
113.64668520481644,60864.424369547414
117.2613907437559,60864.42356616511
130.72435492664812,60864.4242488972
144.1628294204274,60864.42322680388
119.03090066951277,60864.42211861428
77.85381181339561,60864.42265953032
111.71376616367343,60864.42629538521
81.91609605392493,60864.42490009376
112.71941653197091,60864.42208629761
92.29113185995331,60864.42318079002
112.52125226494758,60864.421085579525
135.75878653928908,60864.42295239994
97.10753676868448,60864.423744894026
130.7321733006962,60864.424552041964
101.22489011352926,60864.422512487145
114.3877177445511,60864.42604900845
92.95519387802719,60864.42417518094
117.24020083544045,60864.425934343795
114.5304004016747,60864.42313016907
114.76782187106055,60864.423645042974
108.31560039271793,60864.4236976163
122.7908096292295,60864.423152892676
104.0928053661701,60864.42512963045
141.69648066997618,60864.425172437506
113.78912983979882,60864.42720813789
107.72577899926038,60864.42380756652
120.72325772725715,60864.421224882775
131.39614393266132,60864.424391035944
148.0523642883867,60864.42221949986
92.73801751273517,60864.425309191705
126.14855011743403,60864.42461355086
123.99941144886897,60864.42532977162
70.59004570343204,60864.42627309503
85.30789267624452,60864.42250710918
79.98231746840548,60864.42277459568
129.53533919434904,60864.4228488253
128.03667909692183,60864.42636974507
107.70136492387635,60864.42331023705
129.41119543530814,60864.42328517467
89.99815880102629,60864.42695989056
150.4834521727134,60864.42419844235
96.58383518009745,60864.421973199984
94.40367072721347,60864.425480273196
126.23483964308569,60864.42440594982
104.4726228550647,60864.43453808193
125.13507734293881,60864.423068807984
128.32545994552146,60864.422794151826
136.94702760460603,60864.423183124054
148.58059672481104,60864.42491318282
128.54027201929117,60864.42541826195
112.14135997892762,60864.42442381946
118.07274092592516,60864.42432191082
115.08443145237487,60864.42535408118
125.57372147789802,60864.424715484056
113.49093029167125,60864.424988440296
104.51862665540189,60864.42476211403
136.723732283166,60864.42229009523
138.5127796893699,60864.42525340383
146.6549856711877,60864.42447112807
117.69034617429007,60864.424567857226
128.97324549945165,60864.425291202366
113.68427952049927,60864.422569372284
115.68110902467781,60864.425130888165
115.58993672378548,60864.421403552034
115.18239207661182,60864.42439652949
105.50499269538813,60864.4236173301
82.24828804631305,60864.42308243394
103.85870311227585,60864.425821103585
118.11775409962513,60864.42244009944
168.42015747701873,60864.42529069542
105.90611499450668,60864.42303342065
92.65214314062277,60864.42296371986
136.50745595961914,60864.424414164096
116.43626804910333,60864.42609988852
159.37473333757123,60864.42266119551
123.82383448077147,60864.42358429861
116.36434019082148,60864.42327014304
162.40822405198952,60864.42335816888
117.89464562478793,60864.42495890349
132.60531805836337,60864.4242598904
102.83465076916531,60864.420835762736
90.55184691035686,60864.42381471646
111.28922196974759,60864.422600833015
99.76324163479725,60864.425442302054
108.67014449325436,60864.42692566422
95.93324817041827,60864.42409495085
116.32596561421762,60864.42672817973
151.96979382701807,60864.42430600901
146.35914019763462,60864.422843979635
126.8787664010895,60864.42555210122
122.46593199233328,60864.42666689474
81.66227786384243,60864.42285669563
116.6460210080856,60864.423757653116
116.36620031947739,60864.425591075975
95.813522884872,60864.42231183328
77.70050328645921,60864.425897483365
108.34783232569629,60864.423487390544
136.6520082988877,60864.42459909702
101.09209856323713,60864.42488428278
99.99268124348686,60864.42490733163
108.08225581789026,60864.423494364084
125.70553410055791,60864.42496409659
144.01820493911873,60864.42417433947
111.02260380209243,60864.425503891965
83.95731282819506,60864.42122459472
116.90502077010842,60864.423334094026
126.39000132946916,60864.42415092767
123.81096007378035,60864.42445154601
81.70695086582694,60864.42408560108
137.23395236037953,60864.42312579048
113.78972275751183,60864.422862994
126.66455893904738,60864.42555128171
153.015612302009,60864.427211659124
152.16596400710213,60864.42358268087
99.32218207514735,60864.426161218384
102.49658545839974,60864.42462046966
143.59135689386122,60864.42092037831
126.98267982941762,60864.42393669498
114.36781360933966,60864.42399443954
103.81940765175838,60864.423940753404
76.27784983524195,60864.42434513788
91.40347241093603,60864.4209857995
146.02554445199286,60864.424025184424
101.60313349263272,60864.42160694302
164.88448698575795,60864.42436450761
134.68992745107028,60864.42373273325
143.5096004289426,60864.42435569013
147.3659126242583,60864.42098967536
104.71556111396434,60864.424914866766
71.30489305506556,60864.42640358865
106.45751015354499,60864.42374898345
82.74469019493841,60864.43619591245
136.21591024574053,60864.42370112938
125.11029011027647,60864.42337431289
136.62285186188592,60864.42465563559
99.28997491793825,60864.42596715562
119.60358785096511,60864.43562750099
151.0407682016655,60864.42519850957
127.93553924602264,60864.421809420186
141.30037068071726,60864.42270988759
139.72671264941644,60864.4257006967
118.87929239199667,60864.42271418351
167.09674440843446,60864.425545524595
120.55810029525838,60864.426650270216
95.78685713566287,60864.42390483021
127.1852997831532,60864.423331040845
134.8385085210699,60864.42182738629
108.53759531518372,60864.42403815569
125.11834174637582,60864.428420109485
138.3438279004465,60864.42284041864
122.4939199917459,60864.424903655614
146.09883457033246,60864.42375849699
126.08142209369463,60864.425858872346
146.51944551555235,60864.423879815076
133.36865149427288,60864.42409899117
128.04293112553265,60864.42086331738
131.29941555806548,60864.4213829455
104.91934808839278,60864.42392623539
155.37492968302155,60864.42497923807
106.66834229176935,60864.422215166705
144.97048511862366,60864.42430176185
144.8140607201831,60864.425115827675
124.88650109420053,60864.42420031585
131.60833763601164,60864.42416402014
106.19157909496045,60864.42180144375
133.74372649485574,60864.42494492926
100.34784571428467,60864.42576367252
85.42903748691928,60864.42285314091
131.38408227190473,60864.42207668283
113.16710331571952,60864.42506716086
135.1309434680337,60864.42221949962
106.85162081430447,60864.424300477716
76.9007942868394,60864.42342597251
90.64071841180494,60864.4248718884
149.74732134700807,60864.42336687105
130.87843655342823,60864.42254886186
117.16263192128785,60864.42491694422
151.5933214297004,60864.42121572278
99.89406739539837,60864.425139988096
122.65143147537476,60864.423876382876
121.78561032634316,60864.42272237572
89.69471397434327,60864.4228153159
123.29887727856656,60864.421784319784
111.80258129113075,60864.42445969803
138.09954120010852,60864.42244079768
120.21653994863773,60864.42400582716
103.49649943785462,60864.42270972253
101.42473876890301,60864.422257545084
162.14607716242577,60864.42449987809
138.43018132121702,60864.424289344475
92.50176224416039,60864.42683367427
121.98125119494526,60864.42215819577
90.06693294359316,60864.423348369186
128.4045619020824,60864.426120413795
146.5256967471703,60864.42369471341
123.41887380368087,60864.42685630999
129.3293669391717,60864.42694059494
120.5093120236168,60864.423629105826
148.97413643035014,60864.42312826345
122.77769997697088,60864.425943767936
131.18657306664522,60864.423642366004
111.5099358637742,60864.422245595175
120.09513762882496,60864.425814975926
71.0189738188501,60864.421998930215
138.7906053328124,60864.42263247806
110.1530962600122,60864.426205207776
129.11439162980218,60864.423679591135
79.40862417310241,60864.42226347923
101.25818974599599,60864.42539897814
107.38790361703333,60864.4223933201
121.3351671371019,60864.42413579142
112.58414479935709,60864.42545707402
165.14926208345338,60864.42292893319
102.81337706328806,60864.42626480115
138.09643359631787,60864.42281915011
122.8691068339623,60864.42478988592
104.80974670754215,60864.42438863191
146.95512222544272,60864.42563970434
125.3662434776842,60864.42497155465
116.67318257686004,60864.426495939006
108.85997367397475,60864.422308868714
83.20784506734897,60864.423266453385
129.43243524857098,60864.4260157138
104.12492245908032,60864.42534139834
132.0020151740098,60864.421526144375
127.35109522072459,60864.42286149459
129.31428576307638,60864.434708104745
136.6729068680143,60864.42322466778
121.32997456832581,60864.42343759789
96.84016302015563,60864.423854506545
112.76805878590703,60864.42689127618
89.88033027602515,60864.42198723989
92.26543032151359,60864.42585563978
101.94228311911448,60864.42536305866
149.58210668775058,60864.42247449039
123.27806628327181,60864.42240290544
125.34654944673592,60864.422636008356
129.16273623948794,60864.42383091059
153.73608495603148,60864.4239649977
98.42914007364271,60864.422714156055
110.4749829576301,60864.42714990263
98.43948942056105,60864.42293300131
102.36723983114814,60864.42309665021
99.26135566589333,60864.42517065101
108.53643142213598,60864.425392247125
132.0740095852737,60864.42466483258
122.50911872731561,60864.423734670374
132.18914281355572,60864.420711528495
79.17061120025619,60864.42600377581
76.48671708957929,60864.42420937339
86.71865553442895,60864.4239013085
117.57472848789149,60864.42548514176
141.34251822150551,60864.42508654957
80.6970554926557,60864.42483846004
105.47501956887623,60864.422363421116
140.58202413129874,60864.42415999575
89.07488326311012,60864.43489025322
107.18663387435888,60864.424804217706
111.89332686366336,60864.42512746206
132.79294693992819,60864.4217892534
136.92775556715947,60864.42572103374
99.205725383744,60864.420580113634
120.06991703690197,60864.42335737588
91.42263814411892,60864.42584680692
127.95402869602914,60864.426876390324
124.91093454334329,60864.42498384577
100.56120666228907,60864.426282298235
90.38266715714612,60864.42310277332
118.91770365974307,60864.42664484321
103.66088929845421,60864.42161886753
112.73286105056172,60864.42447783021
138.40771639137228,60864.422147950216
109.1181801057834,60864.42183015919
131.55950489740266,60864.4255560579
156.50723177789814,60864.42575452105
110.2469438403839,60864.42533305511
80.96035353844357,60864.42165265575
119.34763326489202,60864.42648290893
123.60468771437287,60864.425410820426
96.4879280099014,60864.42383125368
129.82473043723297,60864.42499935169
127.62470682679664,60864.42080982548
110.60276895201672,60864.424815317645
113.0190015554527,60864.4238595411
146.7433371666622,60864.42434466552
119.98535350727781,60864.42320067098
143.83622950860155,60864.42298499238
100.98631181647394,60864.42211166136
134.47880225193256,60864.42391398189
138.46882662349978,60864.42288726963
116.69897242522639,60864.424953737136
96.94142548360693,60864.42220436468
139.9307850081228,60864.423016349974
124.43825708211668,60864.42286786962
102.47061725471508,60864.42387959975
115.3885640757686,60864.42398195766
107.46248267355892,60864.422031710645
120.12734143849626,60864.422361935525
127.60521558866043,60864.42411771314
133.92224325013964,60864.42300147218
92.75244403741915,60864.42256600578
87.22564132235681,60864.43419712518
104.71976775555363,60864.424665792474
74.80276107440471,60864.43510517528
121.34605396584418,60864.43590220974
129.06572074011095,60864.423546836144
185.5978806733814,60864.423223898964
139.58209483249652,60864.42574558877
97.4961804235213,60864.42217508447
123.60167578498023,60864.42070243725
102.73935994505663,60864.42155057122
139.2855082019853,60864.42418609617
95.71963261553825,60864.42566472734
141.55071348013496,60864.43583514614
137.18834636846137,60864.432995138144
116.76329331316867,60864.424681172706
125.8969161832246,60864.42398166885
127.74642047583725,60864.43490280871
114.40550387119437,60864.423834626985
143.79207958265096,60864.42647224213
117.51173476158483,60864.42304858761
116.76539031431612,60864.42599870021
45.69392731382862,60864.42108885047
61.642640399868,60864.42158004624
121.50310537626636,60864.42255597863
99.60491900789846,60864.42770618963
136.49224679172775,60864.42230759496
106.02670286685009,60864.424475873704
80.13770594036164,60864.42473809129
115.1136424663534,60864.426044520966
153.60844982127594,60864.42292952097
140.16973012437214,60864.42144459357
130.5899097642949,60864.423318851914
123.75130635873666,60864.42254960815
105.59948775656476,60864.42346304136
109.12792176170768,60864.424143343254
154.03132097706015,60864.423582959345
121.76187196539172,60864.424729662314
77.38763536097765,60864.42665717309
138.6331267680958,60864.425036135384
125.11017267850409,60864.42605078861
136.77054075548804,60864.42412563073
148.94302228900946,60864.421576009176
131.21262786443842,60864.4248336358
104.06721801070587,60864.4240327582
145.38117457799692,60864.42378593891
145.56452788742322,60864.42365892687
103.1590500746618,60864.42395218722
125.40986413429498,60864.42434086298
111.98076986933967,60864.427436716585
156.64650553679604,60864.424436570924
120.14107581889017,60864.423004671
104.17927739280998,60864.42556475582
102.92560396158325,60864.422693768065
87.58990816182944,60864.425301175426
138.1280933642872,60864.42520349202
123.86613656636237,60864.42392674544
118.02972841808537,60864.43761605141
112.82905599549967,60864.421897518165
87.82361828677315,60864.42091034691
124.339522243259,60864.424182984185
128.43200702121186,60864.42417750977
139.53739828299987,60864.42514036965
105.79033433563788,60864.42372968758
129.984973323063,60864.4260587145
151.49630424378572,60864.42248014281
124.22837294440723,60864.42255156445
136.05400010520998,60864.42469807623
130.0674543166554,60864.42260223087
147.37234803434902,60864.42569123818
83.54997136977865,60864.42338527412
109.96475852856634,60864.42545031495
118.8656502965757,60864.42420628117
114.50011322374424,60864.422923567945
131.0858344159807,60864.42280247791
125.79929708042891,60864.42319477058
151.27133113753712,60864.42452463271
127.40492883827798,60864.42204438425
95.20673642869585,60864.42402530369
140.59901438393442,60864.42312558698
122.74150493434341,60864.424076086674
159.8604493819238,60864.427507899054
131.16563909964742,60864.42477542111
123.7830418646579,60864.42600598739
88.64571064745888,60864.424937318
52.411827230535614,60864.42322562186
120.57467230757142,60864.42594734114
117.06195053910294,60864.424132049644
146.26645628067465,60864.423146403315
102.96886942733916,60864.42362598025
104.01429612745359,60864.42202722895
109.90209602907423,60864.42519508496
112.18189051257328,60864.42484703037
120.32307895690883,60864.42251489468
141.8395956461808,60864.4264032937
141.1280186688891,60864.4364071495
140.22285264147948,60864.4229061501
142.69398928611605,60864.42476545653
120.80697621301822,60864.42300617494
101.18394112555261,60864.42219669591
69.9768613210469,60864.424988581784
96.75479793804111,60864.42358649632
134.5552780302376,60864.423601537856
125.92719021388497,60864.42613216111
85.9450044644165,60864.42248745631
146.4955674815844,60864.42384843784
130.74734040145194,60864.42567040213
102.65432579947382,60864.422291263065
106.65907226670109,60864.436507441365
130.4643749009985,60864.42440855188
135.09490133040845,60864.42324485138
105.13692905234859,60864.43523013922
133.7195487290496,60864.42547312678
114.06514298350892,60864.42431874564
134.42246642800254,60864.42131279844
112.73157594057416,60864.42285272145
90.9882016467147,60864.42142913356
138.89424501392187,60864.421369320975
142.1191771586152,60864.42187200305
94.19000999632696,60864.42198604762
138.42942793597905,60864.42574102406
108.83956740944599,60864.424302504834
108.29315451043801,60864.42258253998
152.61076277277792,60864.42199599195
102.3020907775271,60864.4238919122
113.5532744949726,60864.425263342244
118.95870902232708,60864.425384770206
120.01945764513546,60864.42742880145
97.16626776146951,60864.424850618
128.89944576743804,60864.42121392052
129.35097417693993,60864.423707913586
103.01788171075769,60864.42525942192
150.51278724680947,60864.424881311665
130.84551601450215,60864.42306265108
92.30166194082332,60864.425015163404
118.1269943133354,60864.42172039856
128.8077722913125,60864.42482956032
137.45632590914855,60864.42398697397
102.39405602694698,60864.42388380556
115.74676684074251,60864.42363588216
96.4285586134427,60864.422477822445
151.45592540682745,60864.434038133666
115.40084991189325,60864.43321655044
85.16810891407833,60864.42420183973
103.41459317990959,60864.42552190889
112.82894980872497,60864.42120272023
113.99047039138772,60864.425043479016
119.92560171513189,60864.423117311584
94.93373937948135,60864.42130409337
114.60964679931762,60864.424467006334
122.18736645022807,60864.422782750684
114.30302254498704,60864.42337853305
105.99779932262746,60864.42430264735
138.163987861241,60864.42233497495
106.8933228478333,60864.42456775411
75.62830220017679,60864.422621418904
146.15422115949212,60864.423721135936
109.74626690064812,60864.424101977485
114.1985794804234,60864.42575307967
82.09078027793178,60864.42187807166
107.91868910946978,60864.42661553533
155.76538521913523,60864.42548903526
111.31556641303473,60864.4238970213
147.87045659221837,60864.42402215208
115.06410682957389,60864.42271354774
125.38207803639689,60864.42549044914
118.07655219350217,60864.42413672878
141.2999898875909,60864.42172339874
151.11985284333392,60864.42348268764
134.44022137903627,60864.42458129597
142.69030346245646,60864.421850928156
105.88229300465704,60864.424524573915
133.6238138053941,60864.43670988456
106.24529747837832,60864.427121867506
106.23169479370617,60864.42153026383
